{"type": "FeatureCollection", "crs": {"type": "name", "properties": {"name": "urn:ogc:def:crs:EPSG::5514"}}, "features": [{"type": "Feature", "properties": {"id": 0, "kind": "rock"}, "geometry": {"type": "Polygon", "coordinates": [[[-684251.5517715904, -999001.9801728885], [-684250.9267715904, -999002.4801728885], [-684250.5517715904, -999003.1051728885], [-684250.4267715904, -999003.8551728885], [-684250.5517715904, -999004.7301728885], [-684250.9267715904, -999005.6051728885], [-684251.5517715904, -999006.4801728885], [-684252.4267715904, -999007.3551728885], [-684253.5517715904, -999008.2301728885], [-684254.8642715904, -999010.1364228885], [-684256.3642715904, -999013.0739228885], [-684258.0517715904, -999017.0426728885], [-684259.9267715904, -999022.0426728885], [-684261.5830215904, -999025.9489228885], [-684263.0205215904, -999028.7614228885], [-684264.2392715904, -999030.4801728885], [-684265.2392715904, -999031.1051728885], [-684265.8955215904, -999031.3239228885], [-684266.2080215904, -999031.1364228885], [-684266.1767715904, -999030.5426728885], [-684265.8017715904, -999029.5426728885], [-684265.5830215904, -999028.5426728885], [-684265.5205215904, -999027.5426728885], [-684265.6142715904, -999026.5426728885], [-684265.8642715904, -999025.5426728885], [-684265.8642715904, -999024.6364228885], [-684265.6142715904, -999023.8239228885], [-684265.1142715904, -999023.1051728885], [-684264.3642715904, -999022.4801728885], [-684263.6455215904, -999021.3551728885], [-684262.9580215904, -999019.7301728885], [-684262.3017715904, -999017.6051728885], [-684261.6767715904, -999014.9801728885], [-684260.7392715904, -999012.5426728885], [-684259.4892715904, -999010.2926728885], [-684257.9267715904, -999008.2301728885], [-684256.0517715904, -999006.3551728885], [-684254.8330215904, -999004.6989228885], [-684254.2705215904, -999003.2614228885], [-684254.3642715904, -999002.0426728885], [-684255.1142715904, -999001.0426728885], [-684255.6455215904, -999000.0739228885], [-684255.9580215904, -998999.1364228885], [-684256.0517715904, -998998.2301728885], [-684255.9267715904, -998997.3551728885], [-684255.7080215904, -998997.0114228885], [-684255.3955215904, -998997.1989228885], [-684254.9892715904, -998997.9176728885], [-684254.4892715904, -998999.1676728885], [-684253.8955215904, -999000.1989228885], [-684253.2080215904, -999001.0114228885], [-684252.4267715904, -999001.6051728885], [-684251.5517715904, -999001.9801728885]]]}}, {"type": "Feature", "properties": {"id": 1, "kind": "rock"}, "geometry": {"type": "Polygon", "coordinates": [[[-684201.8955215904, -998942.5739228885], [-684201.7080215904, -998943.1364228885], [-684202.0517715904, -998943.8551728885], [-684202.9267715904, -998944.7301728885], [-684203.6142715904, -998945.7926728885], [-684204.1142715904, -998947.0426728885], [-684204.4267715904, -998948.4801728885], [-684204.5517715904, -998950.1051728885], [-684204.7392715904, -998951.3239228885], [-684204.9892715904, -998952.1364228885], [-684205.3017715904, -998952.5426728885], [-684205.6767715904, -998952.5426728885], [-684206.0517715904, -998952.0739228885], [-684206.4267715904, -998951.1364228885], [-684206.8017715904, -998949.7301728885], [-684207.1767715904, -998947.8551728885], [-684207.8017715904, -998946.4489228885], [-684208.6767715904, -998945.5114228885], [-684209.8017715904, -998945.0426728885], [-684211.1767715904, -998945.0426728885], [-684213.2705215904, -998946.3239228885], [-684216.0830215904, -998948.8864228885], [-684219.6142715904, -998952.7301728885], [-684223.8642715904, -998957.8551728885], [-684226.8017715904, -998961.1364228885], [-684228.4267715904, -998962.5739228885], [-684228.7392715904, -998962.1676728885], [-684227.7392715904, -998959.9176728885], [-684226.9892715904, -998957.9489228885], [-684226.4892715904, -998956.2614228885], [-684226.2392715904, -998954.8551728885], [-684226.2392715904, -998953.7301728885], [-684225.8330215904, -998952.7926728885], [-684225.0205215904, -998952.0426728885], [-684223.8017715904, -998951.4801728885], [-684222.1767715904, -998951.1051728885], [-684220.6767715904, -998950.3551728885], [-684219.3017715904, -998949.2301728885], [-684218.0517715904, -998947.7301728885], [-684216.9267715904, -998945.8551728885], [-684215.7392715904, -998944.3551728885], [-684214.4892715904, -998943.2301728885], [-684213.1767715904, -998942.4801728885], [-684211.8017715904, -998942.1051728885], [-684210.6455215904, -998941.5114228885], [-684209.7080215904, -998940.6989228885], [-684208.9892715904, -998939.6676728885], [-684208.4892715904, -998938.4176728885], [-684207.9892715904, -998937.7926728885], [-684207.4892715904, -998937.7926728885], [-684206.9892715904, -998938.4176728885], [-684206.4892715904, -998939.6676728885], [-684205.8017715904, -998940.6676728885], [-684204.9267715904, -998941.4176728885], [-684203.8642715904, -998941.9176728885], [-684202.6142715904, -998942.1676728885], [-684201.8955215904, -998942.5739228885]]]}}, {"type": "Feature", "properties": {"id": 2, "kind": "rock"}, "geometry": {"type": "Polygon", "coordinates": [[[-684267.3017715904, -998892.8239228885], [-684266.6767715904, -998891.6364228885], [-684266.1767715904, -998890.0426728885], [-684265.8017715904, -998888.0426728885], [-684265.3330215904, -998886.7614228885], [-684264.7705215904, -998886.1989228885], [-684264.1142715904, -998886.3551728885], [-684263.3642715904, -998887.2301728885], [-684262.8955215904, -998888.1364228885], [-684262.7080215904, -998889.0739228885], [-684262.8017715904, -998890.0426728885], [-684263.1767715904, -998891.0426728885], [-684263.3642715904, -998892.0739228885], [-684263.3642715904, -998893.1364228885], [-684263.1767715904, -998894.2301728885], [-684262.8017715904, -998895.3551728885], [-684262.6767715904, -998896.4801728885], [-684262.8017715904, -998897.6051728885], [-684263.1767715904, -998898.7301728885], [-684263.8017715904, -998899.8551728885], [-684264.2392715904, -998900.9176728885], [-684264.4892715904, -998901.9176728885], [-684264.5517715904, -998902.8551728885], [-684264.4267715904, -998903.7301728885], [-684264.6142715904, -998904.2926728885], [-684265.1142715904, -998904.5426728885], [-684265.9267715904, -998904.4801728885], [-684267.0517715904, -998904.1051728885], [-684268.1767715904, -998904.0739228885], [-684269.3017715904, -998904.3864228885], [-684270.4267715904, -998905.0426728885], [-684271.5517715904, -998906.0426728885], [-684273.0205215904, -998906.8864228885], [-684274.8330215904, -998907.5739228885], [-684276.9892715904, -998908.1051728885], [-684279.4892715904, -998908.4801728885], [-684281.5205215904, -998909.1989228885], [-684283.0830215904, -998910.2614228885], [-684284.1767715904, -998911.6676728885], [-684284.8017715904, -998913.4176728885], [-684285.5830215904, -998914.4801728885], [-684286.5205215904, -998914.8551728885], [-684287.6142715904, -998914.5426728885], [-684288.8642715904, -998913.5426728885], [-684289.7705215904, -998912.6676728885], [-684290.3330215904, -998911.9176728885], [-684290.5517715904, -998911.2926728885], [-684290.4267715904, -998910.7926728885], [-684289.7392715904, -998910.0114228885], [-684288.4892715904, -998908.9489228885], [-684286.6767715904, -998907.6051728885], [-684284.3017715904, -998905.9801728885], [-684282.2080215904, -998904.7301728885], [-684280.3955215904, -998903.8551728885], [-684278.8642715904, -998903.3551728885], [-684277.6142715904, -998903.2301728885], [-684276.5517715904, -998902.9176728885], [-684275.6767715904, -998902.4176728885], [-684274.9892715904, -998901.7301728885], [-684274.4892715904, -998900.8551728885], [-684274.3017715904, -998899.7926728885], [-684274.4267715904, -998898.5426728885], [-684274.8642715904, -998897.1051728885], [-684275.6142715904, -998895.4801728885], [-684276.6767715904, -998893.8239228885], [-684278.0517715904, -998892.1364228885], [-684279.7392715904, -998890.4176728885], [-684281.7392715904, -998888.6676728885], [-684283.2392715904, -998887.1676728885], [-684284.2392715904, -998885.9176728885], [-684284.7392715904, -998884.9176728885], [-684284.7392715904, -998884.1676728885], [-684283.8330215904, -998884.3239228885], [-684282.0205215904, -998885.3864228885], [-684279.3017715904, -998887.3551728885], [-684275.6767715904, -998890.2301728885], [-684272.7392715904, -998892.2926728885], [-684270.4892715904, -998893.5426728885], [-684268.9267715904, -998893.9801728885], [-684268.0517715904, -998893.6051728885], [-684267.3017715904, -998892.8239228885]]]}}, {"type": "Feature", "properties": {"id": 3, "kind": "rock"}, "geometry": {"type": "Polygon", "coordinates": [[[-684051.4267715904, -998863.1676728885], [-684051.1142715904, -998864.2614228885], [-684050.6142715904, -998865.1989228885], [-684049.9267715904, -998865.9801728885], [-684049.0517715904, -998866.6051728885], [-684048.1455215904, -998867.1364228885], [-684047.2080215904, -998867.5739228885], [-684046.2392715904, -998867.9176728885], [-684045.2392715904, -998868.1676728885], [-684044.2705215904, -998868.1676728885], [-684043.3330215904, -998867.9176728885], [-684042.4267715904, -998867.4176728885], [-684041.5517715904, -998866.6676728885], [-684040.4892715904, -998866.1051728885], [-684039.2392715904, -998865.7301728885], [-684037.8017715904, -998865.5426728885], [-684036.1767715904, -998865.5426728885], [-684034.5830215904, -998865.6676728885], [-684033.0205215904, -998865.9176728885], [-684031.4892715904, -998866.2926728885], [-684029.9892715904, -998866.7926728885], [-684028.8017715904, -998867.4489228885], [-684027.9267715904, -998868.2614228885], [-684027.3642715904, -998869.2301728885], [-684027.1142715904, -998870.3551728885], [-684027.5830215904, -998870.9801728885], [-684028.7705215904, -998871.1051728885], [-684030.6767715904, -998870.7301728885], [-684033.3017715904, -998869.8551728885], [-684035.6455215904, -998869.4801728885], [-684037.7080215904, -998869.6051728885], [-684039.4892715904, -998870.2301728885], [-684040.9892715904, -998871.3551728885], [-684042.2392715904, -998872.0114228885], [-684043.2392715904, -998872.1989228885], [-684043.9892715904, -998871.9176728885], [-684044.4892715904, -998871.1676728885], [-684045.2392715904, -998870.4801728885], [-684046.2392715904, -998869.8551728885], [-684047.4892715904, -998869.2926728885], [-684048.9892715904, -998868.7926728885], [-684050.6455215904, -998868.7926728885], [-684052.4580215904, -998869.2926728885], [-684054.4267715904, -998870.2926728885], [-684056.5517715904, -998871.7926728885], [-684058.4892715904, -998872.9489228885], [-684060.2392715904, -998873.7614228885], [-684061.8017715904, -998874.2301728885], [-684063.1767715904, -998874.3551728885], [-684064.3642715904, -998874.9801728885], [-684065.3642715904, -998876.1051728885], [-684066.1767715904, -998877.7301728885], [-684066.8017715904, -998879.8551728885], [-684067.2080215904, -998881.6051728885], [-684067.3955215904, -998882.9801728885], [-684067.3642715904, -998883.9801728885], [-684067.1142715904, -998884.6051728885], [-684067.3955215904, -998885.3864228885], [-684068.2080215904, -998886.3239228885], [-684069.5517715904, -998887.4176728885], [-684071.4267715904, -998888.6676728885], [-684072.8642715904, -998889.8864228885], [-684073.8642715904, -998891.0739228885], [-684074.4267715904, -998892.2301728885], [-684074.5517715904, -998893.3551728885], [-684074.8017715904, -998894.2926728885], [-684075.1767715904, -998895.0426728885], [-684075.6767715904, -998895.6051728885], [-684076.3017715904, -998895.9801728885], [-684077.1767715904, -998897.1364228885], [-684078.3017715904, -998899.0739228885], [-684079.6767715904, -998901.7926728885], [-684081.3017715904, -998905.2926728885], [-684082.4580215904, -998907.6364228885], [-684083.1455215904, -998908.8239228885], [-684083.3642715904, -998908.8551728885], [-684083.1142715904, -998907.7301728885], [-684083.0517715904, -998906.6051728885], [-684083.1767715904, -998905.4801728885], [-684083.4892715904, -998904.3551728885], [-684083.9892715904, -998903.2301728885], [-684084.0517715904, -998901.8239228885], [-684083.6767715904, -998900.1364228885], [-684082.8642715904, -998898.1676728885], [-684081.6142715904, -998895.9176728885], [-684080.7392715904, -998894.0426728885], [-684080.2392715904, -998892.5426728885], [-684080.1142715904, -998891.4176728885], [-684080.3642715904, -998890.6676728885], [-684080.7705215904, -998889.9801728885], [-684081.3330215904, -998889.3551728885], [-684082.0517715904, -998888.7926728885], [-684082.9267715904, -998888.2926728885], [-684083.3017715904, -998887.4489228885], [-684083.1767715904, -998886.2614228885], [-684082.5517715904, -998884.7301728885], [-684081.4267715904, -998882.8551728885], [-684080.6455215904, -998881.2614228885], [-684080.2080215904, -998879.9489228885], [-684080.1142715904, -998878.9176728885], [-684080.3642715904, -998878.1676728885], [-684080.7705215904, -998877.5114228885], [-684081.3330215904, -998876.9489228885], [-684082.0517715904, -998876.4801728885], [-684082.9267715904, -998876.1051728885], [-684083.5205215904, -998875.5739228885], [-684083.8330215904, -998874.8864228885], [-684083.8642715904, -998874.0426728885], [-684083.6142715904, -998873.0426728885], [-684083.1455215904, -998872.1051728885], [-684082.4580215904, -998871.2301728885], [-684081.5517715904, -998870.4176728885], [-684080.4267715904, -998869.6676728885], [-684079.4267715904, -998869.2926728885], [-684078.5517715904, -998869.2926728885], [-684077.8017715904, -998869.6676728885], [-684077.1767715904, -998870.4176728885], [-684076.4267715904, -998871.0114228885], [-684075.5517715904, -998871.4489228885], [-684074.5517715904, -998871.7301728885], [-684073.4267715904, -998871.8551728885], [-684072.4267715904, -998871.5426728885], [-684071.5517715904, -998870.7926728885], [-684070.8017715904, -998869.6051728885], [-684070.1767715904, -998867.9801728885], [-684069.3642715904, -998866.6989228885], [-684068.3642715904, -998865.7614228885], [-684067.1767715904, -998865.1676728885], [-684065.8017715904, -998864.9176728885], [-684064.4892715904, -998864.2926728885], [-684063.2392715904, -998863.2926728885], [-684062.0517715904, -998861.9176728885], [-684060.9267715904, -998860.1676728885], [-684059.6142715904, -998859.0114228885], [-684058.1142715904, -998858.4489228885], [-684056.4267715904, -998858.4801728885], [-684054.5517715904, -998859.1051728885], [-684053.1142715904, -998859.8864228885], [-684052.1142715904, -998860.8239228885], [-684051.5517715904, -998861.9176728885], [-684051.4267715904, -998863.1676728885]]]}}, {"type": "Feature", "properties": {"id": 4, "kind": "rock"}, "geometry": {"type": "Polygon", "coordinates": [[[-684203.2705215904, -998832.2301728885], [-684202.3330215904, -998832.1051728885], [-684201.4267715904, -998831.7926728885], [-684200.5517715904, -998831.2926728885], [-684199.8017715904, -998831.1364228885], [-684199.1767715904, -998831.3239228885], [-684198.6767715904, -998831.8551728885], [-684198.3017715904, -998832.7301728885], [-684197.3642715904, -998833.5426728885], [-684195.8642715904, -998834.2926728885], [-684193.8017715904, -998834.9801728885], [-684191.1767715904, -998835.6051728885], [-684189.2392715904, -998836.2926728885], [-684187.9892715904, -998837.0426728885], [-684187.4267715904, -998837.8551728885], [-684187.5517715904, -998838.7301728885], [-684187.4267715904, -998839.7926728885], [-684187.0517715904, -998841.0426728885], [-684186.4267715904, -998842.4801728885], [-684185.5517715904, -998844.1051728885], [-684184.9892715904, -998845.5739228885], [-684184.7392715904, -998846.8864228885], [-684184.8017715904, -998848.0426728885], [-684185.1767715904, -998849.0426728885], [-684185.3955215904, -998850.1051728885], [-684185.4580215904, -998851.2301728885], [-684185.3642715904, -998852.4176728885], [-684185.1142715904, -998853.6676728885], [-684185.4267715904, -998854.9176728885], [-684186.3017715904, -998856.1676728885], [-684187.7392715904, -998857.4176728885], [-684189.7392715904, -998858.6676728885], [-684191.3955215904, -998859.8864228885], [-684192.7080215904, -998861.0739228885], [-684193.6767715904, -998862.2301728885], [-684194.3017715904, -998863.3551728885], [-684194.8955215904, -998863.9176728885], [-684195.4580215904, -998863.9176728885], [-684195.9892715904, -998863.3551728885], [-684196.4892715904, -998862.2301728885], [-684196.8017715904, -998861.1989228885], [-684196.9267715904, -998860.2614228885], [-684196.8642715904, -998859.4176728885], [-684196.6142715904, -998858.6676728885], [-684196.6455215904, -998857.6676728885], [-684196.9580215904, -998856.4176728885], [-684197.5517715904, -998854.9176728885], [-684198.4267715904, -998853.1676728885], [-684198.8017715904, -998851.2926728885], [-684198.6767715904, -998849.2926728885], [-684198.0517715904, -998847.1676728885], [-684196.9267715904, -998844.9176728885], [-684196.3330215904, -998842.9801728885], [-684196.2705215904, -998841.3551728885], [-684196.7392715904, -998840.0426728885], [-684197.7392715904, -998839.0426728885], [-684198.9580215904, -998838.5426728885], [-684200.3955215904, -998838.5426728885], [-684202.0517715904, -998839.0426728885], [-684203.9267715904, -998840.0426728885], [-684205.5205215904, -998841.1051728885], [-684206.8330215904, -998842.2301728885], [-684207.8642715904, -998843.4176728885], [-684208.6142715904, -998844.6676728885], [-684209.3642715904, -998845.5739228885], [-684210.1142715904, -998846.1364228885], [-684210.8642715904, -998846.3551728885], [-684211.6142715904, -998846.2301728885], [-684212.4892715904, -998846.2926728885], [-684213.4892715904, -998846.5426728885], [-684214.6142715904, -998846.9801728885], [-684215.8642715904, -998847.6051728885], [-684216.9267715904, -998848.3239228885], [-684217.8017715904, -998849.1364228885], [-684218.4892715904, -998850.0426728885], [-684218.9892715904, -998851.0426728885], [-684219.7705215904, -998851.6051728885], [-684220.8330215904, -998851.7301728885], [-684222.1767715904, -998851.4176728885], [-684223.8017715904, -998850.6676728885], [-684225.4580215904, -998850.3239228885], [-684227.1455215904, -998850.3864228885], [-684228.8642715904, -998850.8551728885], [-684230.6142715904, -998851.7301728885], [-684232.0830215904, -998852.3551728885], [-684233.2705215904, -998852.7301728885], [-684234.1767715904, -998852.8551728885], [-684234.8017715904, -998852.7301728885], [-684235.1455215904, -998852.3551728885], [-684235.2080215904, -998851.7301728885], [-684234.9892715904, -998850.8551728885], [-684234.4892715904, -998849.7301728885], [-684233.3955215904, -998848.8551728885], [-684231.7080215904, -998848.2301728885], [-684229.4267715904, -998847.8551728885], [-684226.5517715904, -998847.7301728885], [-684224.0205215904, -998847.3551728885], [-684221.8330215904, -998846.7301728885], [-684219.9892715904, -998845.8551728885], [-684218.4892715904, -998844.7301728885], [-684217.0205215904, -998843.7926728885], [-684215.5830215904, -998843.0426728885], [-684214.1767715904, -998842.4801728885], [-684212.8017715904, -998842.1051728885], [-684211.7080215904, -998841.6364228885], [-684210.8955215904, -998841.0739228885], [-684210.3642715904, -998840.4176728885], [-684210.1142715904, -998839.6676728885], [-684210.1142715904, -998838.3864228885], [-684210.3642715904, -998836.5739228885], [-684210.8642715904, -998834.2301728885], [-684211.6142715904, -998831.3551728885], [-684212.3955215904, -998828.9176728885], [-684213.2080215904, -998826.9176728885], [-684214.0517715904, -998825.3551728885], [-684214.9267715904, -998824.2301728885], [-684215.5830215904, -998823.0426728885], [-684216.0205215904, -998821.7926728885], [-684216.2392715904, -998820.4801728885], [-684216.2392715904, -998819.1051728885], [-684216.0517715904, -998818.1364228885], [-684215.6767715904, -998817.5739228885], [-684215.1142715904, -998817.4176728885], [-684214.3642715904, -998817.6676728885], [-684213.3955215904, -998818.6989228885], [-684212.2080215904, -998820.5114228885], [-684210.8017715904, -998823.1051728885], [-684209.1767715904, -998826.4801728885], [-684207.7080215904, -998829.0739228885], [-684206.3955215904, -998830.8864228885], [-684205.2392715904, -998831.9176728885], [-684204.2392715904, -998832.1676728885], [-684203.2705215904, -998832.2301728885]]]}}, {"type": "Feature", "properties": {"id": 5, "kind": "rock"}, "geometry": {"type": "Polygon", "coordinates": [[[-684238.5205215904, -998780.1364228885], [-684237.5830215904, -998779.8239228885], [-684236.5517715904, -998779.2301728885], [-684235.4267715904, -998778.3551728885], [-684234.4892715904, -998777.7614228885], [-684233.7392715904, -998777.4489228885], [-684233.1767715904, -998777.4176728885], [-684232.8017715904, -998777.6676728885], [-684232.6142715904, -998778.1364228885], [-684232.6142715904, -998778.8239228885], [-684232.8017715904, -998779.7301728885], [-684233.1767715904, -998780.8551728885], [-684233.2392715904, -998782.0426728885], [-684232.9892715904, -998783.2926728885], [-684232.4267715904, -998784.6051728885], [-684231.5517715904, -998785.9801728885], [-684230.9580215904, -998787.3864228885], [-684230.6455215904, -998788.8239228885], [-684230.6142715904, -998790.2926728885], [-684230.8642715904, -998791.7926728885], [-684230.9267715904, -998793.2301728885], [-684230.8017715904, -998794.6051728885], [-684230.4892715904, -998795.9176728885], [-684229.9892715904, -998797.1676728885], [-684230.4580215904, -998798.7301728885], [-684231.8955215904, -998800.6051728885], [-684234.3017715904, -998802.7926728885], [-684237.6767715904, -998805.2926728885], [-684240.4892715904, -998807.0114228885], [-684242.7392715904, -998807.9489228885], [-684244.4267715904, -998808.1051728885], [-684245.5517715904, -998807.4801728885], [-684246.7392715904, -998807.0739228885], [-684247.9892715904, -998806.8864228885], [-684249.3017715904, -998806.9176728885], [-684250.6767715904, -998807.1676728885], [-684251.8330215904, -998807.5739228885], [-684252.7705215904, -998808.1364228885], [-684253.4892715904, -998808.8551728885], [-684253.9892715904, -998809.7301728885], [-684254.6455215904, -998810.4801728885], [-684255.4580215904, -998811.1051728885], [-684256.4267715904, -998811.6051728885], [-684257.5517715904, -998811.9801728885], [-684258.3955215904, -998812.6051728885], [-684258.9580215904, -998813.4801728885], [-684259.2392715904, -998814.6051728885], [-684259.2392715904, -998815.9801728885], [-684259.4580215904, -998817.3551728885], [-684259.8955215904, -998818.7301728885], [-684260.5517715904, -998820.1051728885], [-684261.4267715904, -998821.4801728885], [-684262.3955215904, -998822.6676728885], [-684263.4580215904, -998823.6676728885], [-684264.6142715904, -998824.4801728885], [-684265.8642715904, -998825.1051728885], [-684266.8330215904, -998825.4489228885], [-684267.5205215904, -998825.5114228885], [-684267.9267715904, -998825.2926728885], [-684268.0517715904, -998824.7926728885], [-684267.8642715904, -998824.2926728885], [-684267.3642715904, -998823.7926728885], [-684266.5517715904, -998823.2926728885], [-684265.4267715904, -998822.7926728885], [-684264.4580215904, -998822.1051728885], [-684263.6455215904, -998821.2301728885], [-684262.9892715904, -998820.1676728885], [-684262.4892715904, -998818.9176728885], [-684262.2705215904, -998817.6051728885], [-684262.3330215904, -998816.2301728885], [-684262.6767715904, -998814.7926728885], [-684263.3017715904, -998813.2926728885], [-684263.3330215904, -998812.0426728885], [-684262.7705215904, -998811.0426728885], [-684261.6142715904, -998810.2926728885], [-684259.8642715904, -998809.7926728885], [-684258.4267715904, -998809.1676728885], [-684257.3017715904, -998808.4176728885], [-684256.4892715904, -998807.5426728885], [-684255.9892715904, -998806.5426728885], [-684254.7080215904, -998805.1676728885], [-684252.6455215904, -998803.4176728885], [-684249.8017715904, -998801.2926728885], [-684246.1767715904, -998798.7926728885], [-684243.4892715904, -998796.6364228885], [-684241.7392715904, -998794.8239228885], [-684240.9267715904, -998793.3551728885], [-684241.0517715904, -998792.2301728885], [-684241.5205215904, -998791.1989228885], [-684242.3330215904, -998790.2614228885], [-684243.4892715904, -998789.4176728885], [-684244.9892715904, -998788.6676728885], [-684245.8330215904, -998787.5426728885], [-684246.0205215904, -998786.0426728885], [-684245.5517715904, -998784.1676728885], [-684244.4267715904, -998781.9176728885], [-684243.8017715904, -998779.6989228885], [-684243.6767715904, -998777.5114228885], [-684244.0517715904, -998775.3551728885], [-684244.9267715904, -998773.2301728885], [-684245.3955215904, -998771.6989228885], [-684245.4580215904, -998770.7614228885], [-684245.1142715904, -998770.4176728885], [-684244.3642715904, -998770.6676728885], [-684243.6767715904, -998771.3864228885], [-684243.0517715904, -998772.5739228885], [-684242.4892715904, -998774.2301728885], [-684241.9892715904, -998776.3551728885], [-684241.4267715904, -998778.0114228885], [-684240.8017715904, -998779.1989228885], [-684240.1142715904, -998779.9176728885], [-684239.3642715904, -998780.1676728885], [-684238.5205215904, -998780.1364228885]]]}}, {"type": "Feature", "properties": {"id": 6, "kind": "rock"}, "geometry": {"type": "Polygon", "coordinates": [[[-684173.9267715904, -998723.3551728885], [-684173.2080215904, -998723.7614228885], [-684172.8955215904, -998724.4489228885], [-684172.9892715904, -998725.4176728885], [-684173.4892715904, -998726.6676728885], [-684173.5205215904, -998728.0114228885], [-684173.0830215904, -998729.4489228885], [-684172.1767715904, -998730.9801728885], [-684170.8017715904, -998732.6051728885], [-684169.9580215904, -998734.1051728885], [-684169.6455215904, -998735.4801728885], [-684169.8642715904, -998736.7301728885], [-684170.6142715904, -998737.8551728885], [-684171.1142715904, -998738.8864228885], [-684171.3642715904, -998739.8239228885], [-684171.3642715904, -998740.6676728885], [-684171.1142715904, -998741.4176728885], [-684170.4267715904, -998742.1989228885], [-684169.3017715904, -998743.0114228885], [-684167.7392715904, -998743.8551728885], [-684165.7392715904, -998744.7301728885], [-684164.5205215904, -998746.1989228885], [-684164.0830215904, -998748.2614228885], [-684164.4267715904, -998750.9176728885], [-684165.5517715904, -998754.1676728885], [-684167.0205215904, -998756.7926728885], [-684168.8330215904, -998758.7926728885], [-684170.9892715904, -998760.1676728885], [-684173.4892715904, -998760.9176728885], [-684175.5205215904, -998761.6364228885], [-684177.0830215904, -998762.3239228885], [-684178.1767715904, -998762.9801728885], [-684178.8017715904, -998763.6051728885], [-684179.6455215904, -998763.9489228885], [-684180.7080215904, -998764.0114228885], [-684181.9892715904, -998763.7926728885], [-684183.4892715904, -998763.2926728885], [-684184.2705215904, -998762.2301728885], [-684184.3330215904, -998760.6051728885], [-684183.6767715904, -998758.4176728885], [-684182.3017715904, -998755.6676728885], [-684181.3017715904, -998753.1676728885], [-684180.6767715904, -998750.9176728885], [-684180.4267715904, -998748.9176728885], [-684180.5517715904, -998747.1676728885], [-684180.3642715904, -998745.4176728885], [-684179.8642715904, -998743.6676728885], [-684179.0517715904, -998741.9176728885], [-684177.9267715904, -998740.1676728885], [-684177.1455215904, -998738.6676728885], [-684176.7080215904, -998737.4176728885], [-684176.6142715904, -998736.4176728885], [-684176.8642715904, -998735.6676728885], [-684177.2392715904, -998735.0114228885], [-684177.7392715904, -998734.4489228885], [-684178.3642715904, -998733.9801728885], [-684179.1142715904, -998733.6051728885], [-684179.8642715904, -998733.3864228885], [-684180.6142715904, -998733.3239228885], [-684181.3642715904, -998733.4176728885], [-684182.1142715904, -998733.6676728885], [-684183.1767715904, -998734.4801728885], [-684184.5517715904, -998735.8551728885], [-684186.2392715904, -998737.7926728885], [-684188.2392715904, -998740.2926728885], [-684190.2392715904, -998742.3864228885], [-684192.2392715904, -998744.0739228885], [-684194.2392715904, -998745.3551728885], [-684196.2392715904, -998746.2301728885], [-684197.8642715904, -998747.2301728885], [-684199.1142715904, -998748.3551728885], [-684199.9892715904, -998749.6051728885], [-684200.4892715904, -998750.9801728885], [-684201.1767715904, -998752.2614228885], [-684202.0517715904, -998753.4489228885], [-684203.1142715904, -998754.5426728885], [-684204.3642715904, -998755.5426728885], [-684205.5517715904, -998756.0739228885], [-684206.6767715904, -998756.1364228885], [-684207.7392715904, -998755.7301728885], [-684208.7392715904, -998754.8551728885], [-684210.0205215904, -998754.1364228885], [-684211.5830215904, -998753.5739228885], [-684213.4267715904, -998753.1676728885], [-684215.5517715904, -998752.9176728885], [-684216.9892715904, -998752.2926728885], [-684217.7392715904, -998751.2926728885], [-684217.8017715904, -998749.9176728885], [-684217.1767715904, -998748.1676728885], [-684216.4267715904, -998747.0426728885], [-684215.5517715904, -998746.5426728885], [-684214.5517715904, -998746.6676728885], [-684213.4267715904, -998747.4176728885], [-684211.4580215904, -998747.3551728885], [-684208.6455215904, -998746.4801728885], [-684204.9892715904, -998744.7926728885], [-684200.4892715904, -998742.2926728885], [-684197.0517715904, -998740.0739228885], [-684194.6767715904, -998738.1364228885], [-684193.3642715904, -998736.4801728885], [-684193.1142715904, -998735.1051728885], [-684193.1455215904, -998733.7926728885], [-684193.4580215904, -998732.5426728885], [-684194.0517715904, -998731.3551728885], [-684194.9267715904, -998730.2301728885], [-684195.4580215904, -998728.9489228885], [-684195.6455215904, -998727.5114228885], [-684195.4892715904, -998725.9176728885], [-684194.9892715904, -998724.1676728885], [-684194.5205215904, -998722.9176728885], [-684194.0830215904, -998722.1676728885], [-684193.6767715904, -998721.9176728885], [-684193.3017715904, -998722.1676728885], [-684193.0205215904, -998722.7301728885], [-684192.8330215904, -998723.6051728885], [-684192.7392715904, -998724.7926728885], [-684192.7392715904, -998726.2926728885], [-684192.4580215904, -998727.5426728885], [-684191.8955215904, -998728.5426728885], [-684191.0517715904, -998729.2926728885], [-684189.9267715904, -998729.7926728885], [-684188.8642715904, -998730.0114228885], [-684187.8642715904, -998729.9489228885], [-684186.9267715904, -998729.6051728885], [-684186.0517715904, -998728.9801728885], [-684185.3642715904, -998728.0739228885], [-684184.8642715904, -998726.8864228885], [-684184.5517715904, -998725.4176728885], [-684184.4267715904, -998723.6676728885], [-684184.0517715904, -998722.1676728885], [-684183.4267715904, -998720.9176728885], [-684182.5517715904, -998719.9176728885], [-684181.4267715904, -998719.1676728885], [-684180.3955215904, -998718.9176728885], [-684179.4580215904, -998719.1676728885], [-684178.6142715904, -998719.9176728885], [-684177.8642715904, -998721.1676728885], [-684177.0205215904, -998722.1364228885], [-684176.0830215904, -998722.8239228885], [-684175.0517715904, -998723.2301728885], [-684173.9267715904, -998723.3551728885]]]}}, {"type": "Feature", "properties": {"id": 7, "kind": "rock"}, "geometry": {"type": "Polygon", "coordinates": [[[-684186.8955215904, -998663.9489228885], [-684185.9580215904, -998665.0114228885], [-684184.6142715904, -998665.7926728885], [-684182.8642715904, -998666.2926728885], [-684181.5830215904, -998666.9176728885], [-684180.7705215904, -998667.6676728885], [-684180.4267715904, -998668.5426728885], [-684180.5517715904, -998669.5426728885], [-684180.8955215904, -998670.3551728885], [-684181.4580215904, -998670.9801728885], [-684182.2392715904, -998671.4176728885], [-684183.2392715904, -998671.6676728885], [-684184.0830215904, -998672.0426728885], [-684184.7705215904, -998672.5426728885], [-684185.3017715904, -998673.1676728885], [-684185.6767715904, -998673.9176728885], [-684185.7392715904, -998675.3864228885], [-684185.4892715904, -998677.5739228885], [-684184.9267715904, -998680.4801728885], [-684184.0517715904, -998684.1051728885], [-684183.5517715904, -998687.2301728885], [-684183.4267715904, -998689.8551728885], [-684183.6767715904, -998691.9801728885], [-684184.3017715904, -998693.6051728885], [-684185.5205215904, -998694.8551728885], [-684187.3330215904, -998695.7301728885], [-684189.7392715904, -998696.2301728885], [-684192.7392715904, -998696.3551728885], [-684195.3330215904, -998696.7614228885], [-684197.5205215904, -998697.4489228885], [-684199.3017715904, -998698.4176728885], [-684200.6767715904, -998699.6676728885], [-684201.6767715904, -998700.2614228885], [-684202.3017715904, -998700.1989228885], [-684202.5517715904, -998699.4801728885], [-684202.4267715904, -998698.1051728885], [-684202.1455215904, -998696.9801728885], [-684201.7080215904, -998696.1051728885], [-684201.1142715904, -998695.4801728885], [-684200.3642715904, -998695.1051728885], [-684199.7392715904, -998694.5114228885], [-684199.2392715904, -998693.6989228885], [-684198.8642715904, -998692.6676728885], [-684198.6142715904, -998691.4176728885], [-684198.1142715904, -998690.7926728885], [-684197.3642715904, -998690.7926728885], [-684196.3642715904, -998691.4176728885], [-684195.1142715904, -998692.6676728885], [-684193.9892715904, -998693.5426728885], [-684192.9892715904, -998694.0426728885], [-684192.1142715904, -998694.1676728885], [-684191.3642715904, -998693.9176728885], [-684190.6767715904, -998693.5114228885], [-684190.0517715904, -998692.9489228885], [-684189.4892715904, -998692.2301728885], [-684188.9892715904, -998691.3551728885], [-684188.9267715904, -998689.7301728885], [-684189.3017715904, -998687.3551728885], [-684190.1142715904, -998684.2301728885], [-684191.3642715904, -998680.3551728885], [-684192.6142715904, -998677.3864228885], [-684193.8642715904, -998675.3239228885], [-684195.1142715904, -998674.1676728885], [-684196.3642715904, -998673.9176728885], [-684197.3642715904, -998673.4801728885], [-684198.1142715904, -998672.8551728885], [-684198.6142715904, -998672.0426728885], [-684198.8642715904, -998671.0426728885], [-684198.8955215904, -998669.7926728885], [-684198.7080215904, -998668.2926728885], [-684198.3017715904, -998666.5426728885], [-684197.6767715904, -998664.5426728885], [-684196.9267715904, -998662.8551728885], [-684196.0517715904, -998661.4801728885], [-684195.0517715904, -998660.4176728885], [-684193.9267715904, -998659.6676728885], [-684193.1142715904, -998658.8239228885], [-684192.6142715904, -998657.8864228885], [-684192.4267715904, -998656.8551728885], [-684192.5517715904, -998655.7301728885], [-684192.5517715904, -998654.8551728885], [-684192.4267715904, -998654.2301728885], [-684192.1767715904, -998653.8551728885], [-684191.8017715904, -998653.7301728885], [-684191.3017715904, -998653.9489228885], [-684190.6767715904, -998654.5114228885], [-684189.9267715904, -998655.4176728885], [-684189.0517715904, -998656.6676728885], [-684188.3642715904, -998658.0114228885], [-684187.8642715904, -998659.4489228885], [-684187.5517715904, -998660.9801728885], [-684187.4267715904, -998662.6051728885], [-684186.8955215904, -998663.9489228885]]]}}, {"type": "Feature", "properties": {"id": 8, "kind": "rock"}, "geometry": {"type": "Polygon", "coordinates": [[[-684161.0205215904, -998570.8239228885], [-684161.3330215904, -998571.8864228885], [-684161.8642715904, -998572.8551728885], [-684162.6142715904, -998573.7301728885], [-684163.1142715904, -998574.6676728885], [-684163.3642715904, -998575.6676728885], [-684163.3642715904, -998576.7301728885], [-684163.1142715904, -998577.8551728885], [-684163.3330215904, -998579.0739228885], [-684164.0205215904, -998580.3864228885], [-684165.1767715904, -998581.7926728885], [-684166.8017715904, -998583.2926728885], [-684167.7080215904, -998585.0114228885], [-684167.8955215904, -998586.9489228885], [-684167.3642715904, -998589.1051728885], [-684166.1142715904, -998591.4801728885], [-684164.8955215904, -998593.4176728885], [-684163.7080215904, -998594.9176728885], [-684162.5517715904, -998595.9801728885], [-684161.4267715904, -998596.6051728885], [-684160.7705215904, -998597.1676728885], [-684160.5830215904, -998597.6676728885], [-684160.8642715904, -998598.1051728885], [-684161.6142715904, -998598.4801728885], [-684162.3017715904, -998599.0114228885], [-684162.9267715904, -998599.6989228885], [-684163.4892715904, -998600.5426728885], [-684163.9892715904, -998601.5426728885], [-684164.3642715904, -998602.5739228885], [-684164.6142715904, -998603.6364228885], [-684164.7392715904, -998604.7301728885], [-684164.7392715904, -998605.8551728885], [-684164.5205215904, -998606.9489228885], [-684164.0830215904, -998608.0114228885], [-684163.4267715904, -998609.0426728885], [-684162.5517715904, -998610.0426728885], [-684161.8642715904, -998611.1051728885], [-684161.3642715904, -998612.2301728885], [-684161.0517715904, -998613.4176728885], [-684160.9267715904, -998614.6676728885], [-684160.9267715904, -998615.6051728885], [-684161.0517715904, -998616.2301728885], [-684161.3017715904, -998616.5426728885], [-684161.6767715904, -998616.5426728885], [-684162.0205215904, -998616.2614228885], [-684162.3330215904, -998615.6989228885], [-684162.6142715904, -998614.8551728885], [-684162.8642715904, -998613.7301728885], [-684163.3955215904, -998612.8551728885], [-684164.2080215904, -998612.2301728885], [-684165.3017715904, -998611.8551728885], [-684166.6767715904, -998611.7301728885], [-684168.0517715904, -998611.8864228885], [-684169.4267715904, -998612.3239228885], [-684170.8017715904, -998613.0426728885], [-684172.1767715904, -998614.0426728885], [-684173.2705215904, -998615.1051728885], [-684174.0830215904, -998616.2301728885], [-684174.6142715904, -998617.4176728885], [-684174.8642715904, -998618.6676728885], [-684175.4267715904, -998619.5114228885], [-684176.3017715904, -998619.9489228885], [-684177.4892715904, -998619.9801728885], [-684178.9892715904, -998619.6051728885], [-684180.3017715904, -998619.4176728885], [-684181.4267715904, -998619.4176728885], [-684182.3642715904, -998619.6051728885], [-684183.1142715904, -998619.9801728885], [-684183.7392715904, -998620.6051728885], [-684184.2392715904, -998621.4801728885], [-684184.6142715904, -998622.6051728885], [-684184.8642715904, -998623.9801728885], [-684185.2392715904, -998624.9176728885], [-684185.7392715904, -998625.4176728885], [-684186.3642715904, -998625.4801728885], [-684187.1142715904, -998625.1051728885], [-684187.8955215904, -998624.8864228885], [-684188.7080215904, -998624.8239228885], [-684189.5517715904, -998624.9176728885], [-684190.4267715904, -998625.1676728885], [-684191.1767715904, -998625.7301728885], [-684191.8017715904, -998626.6051728885], [-684192.3017715904, -998627.7926728885], [-684192.6767715904, -998629.2926728885], [-684193.1142715904, -998630.0739228885], [-684193.6142715904, -998630.1364228885], [-684194.1767715904, -998629.4801728885], [-684194.8017715904, -998628.1051728885], [-684195.5205215904, -998627.0426728885], [-684196.3330215904, -998626.2926728885], [-684197.2392715904, -998625.8551728885], [-684198.2392715904, -998625.7301728885], [-684199.2080215904, -998625.4489228885], [-684200.1455215904, -998625.0114228885], [-684201.0517715904, -998624.4176728885], [-684201.9267715904, -998623.6676728885], [-684202.8642715904, -998623.1364228885], [-684203.8642715904, -998622.8239228885], [-684204.9267715904, -998622.7301728885], [-684206.0517715904, -998622.8551728885], [-684206.7392715904, -998622.6364228885], [-684206.9892715904, -998622.0739228885], [-684206.8017715904, -998621.1676728885], [-684206.1767715904, -998619.9176728885], [-684205.7392715904, -998618.7301728885], [-684205.4892715904, -998617.6051728885], [-684205.4267715904, -998616.5426728885], [-684205.5517715904, -998615.5426728885], [-684205.2705215904, -998615.2301728885], [-684204.5830215904, -998615.6051728885], [-684203.4892715904, -998616.6676728885], [-684201.9892715904, -998618.4176728885], [-684200.4267715904, -998619.8551728885], [-684198.8017715904, -998620.9801728885], [-684197.1142715904, -998621.7926728885], [-684195.3642715904, -998622.2926728885], [-684193.8330215904, -998622.5739228885], [-684192.5205215904, -998622.6364228885], [-684191.4267715904, -998622.4801728885], [-684190.5517715904, -998622.1051728885], [-684189.8955215904, -998621.4801728885], [-684189.4580215904, -998620.6051728885], [-684189.2392715904, -998619.4801728885], [-684189.2392715904, -998618.1051728885], [-684189.6455215904, -998616.6989228885], [-684190.4580215904, -998615.2614228885], [-684191.6767715904, -998613.7926728885], [-684193.3017715904, -998612.2926728885], [-684194.3642715904, -998611.1051728885], [-684194.8642715904, -998610.2301728885], [-684194.8017715904, -998609.6676728885], [-684194.1767715904, -998609.4176728885], [-684193.4580215904, -998609.4801728885], [-684192.6455215904, -998609.8551728885], [-684191.7392715904, -998610.5426728885], [-684190.7392715904, -998611.5426728885], [-684189.6455215904, -998612.2301728885], [-684188.4580215904, -998612.6051728885], [-684187.1767715904, -998612.6676728885], [-684185.8017715904, -998612.4176728885], [-684184.3330215904, -998611.8551728885], [-684182.7705215904, -998610.9801728885], [-684181.1142715904, -998609.7926728885], [-684179.3642715904, -998608.2926728885], [-684177.9267715904, -998606.6676728885], [-684176.8017715904, -998604.9176728885], [-684175.9892715904, -998603.0426728885], [-684175.4892715904, -998601.0426728885], [-684174.9267715904, -998599.3239228885], [-684174.3017715904, -998597.8864228885], [-684173.6142715904, -998596.7301728885], [-684172.8642715904, -998595.8551728885], [-684172.5830215904, -998594.5739228885], [-684172.7705215904, -998592.8864228885], [-684173.4267715904, -998590.7926728885], [-684174.5517715904, -998588.2926728885], [-684175.6142715904, -998586.3551728885], [-684176.6142715904, -998584.9801728885], [-684177.5517715904, -998584.1676728885], [-684178.4267715904, -998583.9176728885], [-684179.3017715904, -998583.8239228885], [-684180.1767715904, -998583.8864228885], [-684181.0517715904, -998584.1051728885], [-684181.9267715904, -998584.4801728885], [-684182.5205215904, -998584.1989228885], [-684182.8330215904, -998583.2614228885], [-684182.8642715904, -998581.6676728885], [-684182.6142715904, -998579.4176728885], [-684182.1142715904, -998577.7301728885], [-684181.3642715904, -998576.6051728885], [-684180.3642715904, -998576.0426728885], [-684179.1142715904, -998576.0426728885], [-684177.9892715904, -998576.1676728885], [-684176.9892715904, -998576.4176728885], [-684176.1142715904, -998576.7926728885], [-684175.3642715904, -998577.2926728885], [-684174.6142715904, -998577.6051728885], [-684173.8642715904, -998577.7301728885], [-684173.1142715904, -998577.6676728885], [-684172.3642715904, -998577.4176728885], [-684171.4892715904, -998576.9176728885], [-684170.4892715904, -998576.1676728885], [-684169.3642715904, -998575.1676728885], [-684168.1142715904, -998573.9176728885], [-684167.2080215904, -998572.6051728885], [-684166.6455215904, -998571.2301728885], [-684166.4267715904, -998569.7926728885], [-684166.5517715904, -998568.2926728885], [-684166.3017715904, -998567.1051728885], [-684165.6767715904, -998566.2301728885], [-684164.6767715904, -998565.6676728885], [-684163.3017715904, -998565.4176728885], [-684162.1767715904, -998565.0114228885], [-684161.3017715904, -998564.4489228885], [-684160.6767715904, -998563.7301728885], [-684160.3017715904, -998562.8551728885], [-684159.9580215904, -998562.2926728885], [-684159.6455215904, -998562.0426728885], [-684159.3642715904, -998562.1051728885], [-684159.1142715904, -998562.4801728885], [-684159.0830215904, -998562.9801728885], [-684159.2705215904, -998563.6051728885], [-684159.6767715904, -998564.3551728885], [-684160.3017715904, -998565.2301728885], [-684160.7392715904, -998566.1989228885], [-684160.9892715904, -998567.2614228885], [-684161.0517715904, -998568.4176728885], [-684160.9267715904, -998569.6676728885], [-684161.0205215904, -998570.8239228885]]]}}, {"type": "Feature", "properties": {"id": 9, "kind": "rock"}, "geometry": {"type": "Polygon", "coordinates": [[[-684152.7392715904, -998520.7926728885], [-684151.6455215904, -998520.8864228885], [-684150.4580215904, -998521.5739228885], [-684149.1767715904, -998522.8551728885], [-684147.8017715904, -998524.7301728885], [-684146.4580215904, -998526.1989228885], [-684145.1455215904, -998527.2614228885], [-684143.8642715904, -998527.9176728885], [-684142.6142715904, -998528.1676728885], [-684141.8330215904, -998528.6364228885], [-684141.5205215904, -998529.3239228885], [-684141.6767715904, -998530.2301728885], [-684142.3017715904, -998531.3551728885], [-684143.0205215904, -998532.2614228885], [-684143.8330215904, -998532.9489228885], [-684144.7392715904, -998533.4176728885], [-684145.7392715904, -998533.6676728885], [-684146.7392715904, -998534.5739228885], [-684147.7392715904, -998536.1364228885], [-684148.7392715904, -998538.3551728885], [-684149.7392715904, -998541.2301728885], [-684150.9267715904, -998543.1051728885], [-684152.3017715904, -998543.9801728885], [-684153.8642715904, -998543.8551728885], [-684155.6142715904, -998542.7301728885], [-684157.3330215904, -998542.1364228885], [-684159.0205215904, -998542.0739228885], [-684160.6767715904, -998542.5426728885], [-684162.3017715904, -998543.5426728885], [-684163.4580215904, -998544.0114228885], [-684164.1455215904, -998543.9489228885], [-684164.3642715904, -998543.3551728885], [-684164.1142715904, -998542.2301728885], [-684164.0517715904, -998541.1676728885], [-684164.1767715904, -998540.1676728885], [-684164.4892715904, -998539.2301728885], [-684164.9892715904, -998538.3551728885], [-684165.6142715904, -998537.6364228885], [-684166.3642715904, -998537.0739228885], [-684167.2392715904, -998536.6676728885], [-684168.2392715904, -998536.4176728885], [-684169.2705215904, -998536.3239228885], [-684170.3330215904, -998536.3864228885], [-684171.4267715904, -998536.6051728885], [-684172.5517715904, -998536.9801728885], [-684173.0517715904, -998536.9176728885], [-684172.9267715904, -998536.4176728885], [-684172.1767715904, -998535.4801728885], [-684170.8017715904, -998534.1051728885], [-684169.5830215904, -998533.1364228885], [-684168.5205215904, -998532.5739228885], [-684167.6142715904, -998532.4176728885], [-684166.8642715904, -998532.6676728885], [-684165.9580215904, -998532.6989228885], [-684164.8955215904, -998532.5114228885], [-684163.6767715904, -998532.1051728885], [-684162.3017715904, -998531.4801728885], [-684161.2392715904, -998530.7301728885], [-684160.4892715904, -998529.8551728885], [-684160.0517715904, -998528.8551728885], [-684159.9267715904, -998527.7301728885], [-684160.0517715904, -998526.4801728885], [-684160.4267715904, -998525.1051728885], [-684161.0517715904, -998523.6051728885], [-684161.9267715904, -998521.9801728885], [-684162.7705215904, -998520.6676728885], [-684163.5830215904, -998519.6676728885], [-684164.3642715904, -998518.9801728885], [-684165.1142715904, -998518.6051728885], [-684165.6455215904, -998518.2301728885], [-684165.9580215904, -998517.8551728885], [-684166.0517715904, -998517.4801728885], [-684165.9267715904, -998517.1051728885], [-684165.1767715904, -998517.1676728885], [-684163.8017715904, -998517.6676728885], [-684161.8017715904, -998518.6051728885], [-684159.1767715904, -998519.9801728885], [-684156.9580215904, -998520.8864228885], [-684155.1455215904, -998521.3239228885], [-684153.7392715904, -998521.2926728885], [-684152.7392715904, -998520.7926728885]]]}}, {"type": "Feature", "properties": {"id": 10, "kind": "rock"}, "geometry": {"type": "Polygon", "coordinates": [[[-684122.9892715904, -998482.2614228885], [-684122.9892715904, -998483.1989228885], [-684123.3642715904, -998484.4801728885], [-684124.1142715904, -998486.1051728885], [-684124.3642715904, -998487.8239228885], [-684124.1142715904, -998489.6364228885], [-684123.3642715904, -998491.5426728885], [-684122.1142715904, -998493.5426728885], [-684121.2705215904, -998495.4801728885], [-684120.8330215904, -998497.3551728885], [-684120.8017715904, -998499.1676728885], [-684121.1767715904, -998500.9176728885], [-684121.8955215904, -998502.2301728885], [-684122.9580215904, -998503.1051728885], [-684124.3642715904, -998503.5426728885], [-684126.1142715904, -998503.5426728885], [-684127.6767715904, -998503.7301728885], [-684129.0517715904, -998504.1051728885], [-684130.2392715904, -998504.6676728885], [-684131.2392715904, -998505.4176728885], [-684132.1767715904, -998505.7926728885], [-684133.0517715904, -998505.7926728885], [-684133.8642715904, -998505.4176728885], [-684134.6142715904, -998504.6676728885], [-684135.6767715904, -998504.1364228885], [-684137.0517715904, -998503.8239228885], [-684138.7392715904, -998503.7301728885], [-684140.7392715904, -998503.8551728885], [-684142.5205215904, -998503.7301728885], [-684144.0830215904, -998503.3551728885], [-684145.4267715904, -998502.7301728885], [-684146.5517715904, -998501.8551728885], [-684147.8642715904, -998501.4489228885], [-684149.3642715904, -998501.5114228885], [-684151.0517715904, -998502.0426728885], [-684152.9267715904, -998503.0426728885], [-684153.8955215904, -998503.2301728885], [-684153.9580215904, -998502.6051728885], [-684153.1142715904, -998501.1676728885], [-684151.3642715904, -998498.9176728885], [-684149.3642715904, -998496.9801728885], [-684147.1142715904, -998495.3551728885], [-684144.6142715904, -998494.0426728885], [-684141.8642715904, -998493.0426728885], [-684139.2080215904, -998491.0426728885], [-684136.6455215904, -998488.0426728885], [-684134.1767715904, -998484.0426728885], [-684131.8017715904, -998479.0426728885], [-684129.8955215904, -998475.3239228885], [-684128.4580215904, -998472.8864228885], [-684127.4892715904, -998471.7301728885], [-684126.9892715904, -998471.8551728885], [-684126.5517715904, -998472.5114228885], [-684126.1767715904, -998473.6989228885], [-684125.8642715904, -998475.4176728885], [-684125.6142715904, -998477.6676728885], [-684125.2392715904, -998479.4176728885], [-684124.7392715904, -998480.6676728885], [-684124.1142715904, -998481.4176728885], [-684123.3642715904, -998481.6676728885], [-684122.9892715904, -998482.2614228885]]]}}, {"type": "Feature", "properties": {"id": 11, "kind": "rock"}, "geometry": {"type": "Polygon", "coordinates": [[[-684051.6142715904, -998442.0739228885], [-684051.1142715904, -998442.6364228885], [-684050.9267715904, -998443.3551728885], [-684051.0517715904, -998444.2301728885], [-684051.4580215904, -998444.6989228885], [-684052.1455215904, -998444.7614228885], [-684053.1142715904, -998444.4176728885], [-684054.3642715904, -998443.6676728885], [-684055.7080215904, -998443.2926728885], [-684057.1455215904, -998443.2926728885], [-684058.6767715904, -998443.6676728885], [-684060.3017715904, -998444.4176728885], [-684061.6142715904, -998445.2926728885], [-684062.6142715904, -998446.2926728885], [-684063.3017715904, -998447.4176728885], [-684063.6767715904, -998448.6676728885], [-684064.3017715904, -998449.7301728885], [-684065.1767715904, -998450.6051728885], [-684066.3017715904, -998451.2926728885], [-684067.6767715904, -998451.7926728885], [-684068.8017715904, -998452.3551728885], [-684069.6767715904, -998452.9801728885], [-684070.3017715904, -998453.6676728885], [-684070.6767715904, -998454.4176728885], [-684071.3330215904, -998454.8239228885], [-684072.2705215904, -998454.8864228885], [-684073.4892715904, -998454.6051728885], [-684074.9892715904, -998453.9801728885], [-684076.4580215904, -998453.7926728885], [-684077.8955215904, -998454.0426728885], [-684079.3017715904, -998454.7301728885], [-684080.6767715904, -998455.8551728885], [-684081.9892715904, -998456.6676728885], [-684083.2392715904, -998457.1676728885], [-684084.4267715904, -998457.3551728885], [-684085.5517715904, -998457.2301728885], [-684086.0205215904, -998456.6364228885], [-684085.8330215904, -998455.5739228885], [-684084.9892715904, -998454.0426728885], [-684083.4892715904, -998452.0426728885], [-684081.8330215904, -998450.4801728885], [-684080.0205215904, -998449.3551728885], [-684078.0517715904, -998448.6676728885], [-684075.9267715904, -998448.4176728885], [-684074.2080215904, -998447.9801728885], [-684072.8955215904, -998447.3551728885], [-684071.9892715904, -998446.5426728885], [-684071.4892715904, -998445.5426728885], [-684071.1767715904, -998444.4489228885], [-684071.0517715904, -998443.2614228885], [-684071.1142715904, -998441.9801728885], [-684071.3642715904, -998440.6051728885], [-684071.0830215904, -998439.8239228885], [-684070.2705215904, -998439.6364228885], [-684068.9267715904, -998440.0426728885], [-684067.0517715904, -998441.0426728885], [-684065.2392715904, -998441.4176728885], [-684063.4892715904, -998441.1676728885], [-684061.8017715904, -998440.2926728885], [-684060.1767715904, -998438.7926728885], [-684058.8017715904, -998437.9489228885], [-684057.6767715904, -998437.7614228885], [-684056.8017715904, -998438.2301728885], [-684056.1767715904, -998439.3551728885], [-684055.4267715904, -998440.2614228885], [-684054.5517715904, -998440.9489228885], [-684053.5517715904, -998441.4176728885], [-684052.4267715904, -998441.6676728885], [-684051.6142715904, -998442.0739228885]]]}}, {"type": "Feature", "properties": {"id": 12, "kind": "rock"}, "geometry": {"type": "Polygon", "coordinates": [[[-684018.0517715904, -998426.2301728885], [-684017.4580215904, -998427.0114228885], [-684017.1455215904, -998427.6989228885], [-684017.1142715904, -998428.2926728885], [-684017.3642715904, -998428.7926728885], [-684018.3017715904, -998429.0426728885], [-684019.9267715904, -998429.0426728885], [-684022.2392715904, -998428.7926728885], [-684025.2392715904, -998428.2926728885], [-684027.7080215904, -998427.6051728885], [-684029.6455215904, -998426.7301728885], [-684031.0517715904, -998425.6676728885], [-684031.9267715904, -998424.4176728885], [-684032.5830215904, -998423.1364228885], [-684033.0205215904, -998421.8239228885], [-684033.2392715904, -998420.4801728885], [-684033.2392715904, -998419.1051728885], [-684032.7080215904, -998418.3239228885], [-684031.6455215904, -998418.1364228885], [-684030.0517715904, -998418.5426728885], [-684027.9267715904, -998419.5426728885], [-684026.1455215904, -998420.1989228885], [-684024.7080215904, -998420.5114228885], [-684023.6142715904, -998420.4801728885], [-684022.8642715904, -998420.1051728885], [-684022.2080215904, -998419.5739228885], [-684021.6455215904, -998418.8864228885], [-684021.1767715904, -998418.0426728885], [-684020.8017715904, -998417.0426728885], [-684020.4267715904, -998416.3551728885], [-684020.0517715904, -998415.9801728885], [-684019.6767715904, -998415.9176728885], [-684019.3017715904, -998416.1676728885], [-684019.1142715904, -998416.8239228885], [-684019.1142715904, -998417.8864228885], [-684019.3017715904, -998419.3551728885], [-684019.6767715904, -998421.2301728885], [-684019.7392715904, -998422.8551728885], [-684019.4892715904, -998424.2301728885], [-684018.9267715904, -998425.3551728885], [-684018.0517715904, -998426.2301728885]]]}}, {"type": "Feature", "properties": {"id": 13, "kind": "rock"}, "geometry": {"type": "Polygon", "coordinates": [[[-684306.1767715904, -998400.4489228885], [-684306.0517715904, -998401.5114228885], [-684305.6142715904, -998402.5426728885], [-684304.8642715904, -998403.5426728885], [-684303.8642715904, -998404.2614228885], [-684302.6142715904, -998404.6989228885], [-684301.1142715904, -998404.8551728885], [-684299.3642715904, -998404.7301728885], [-684297.5830215904, -998404.8551728885], [-684295.7705215904, -998405.2301728885], [-684293.9267715904, -998405.8551728885], [-684292.0517715904, -998406.7301728885], [-684290.1142715904, -998407.1989228885], [-684288.1142715904, -998407.2614228885], [-684286.0517715904, -998406.9176728885], [-684283.9267715904, -998406.1676728885], [-684282.2705215904, -998405.6989228885], [-684281.0830215904, -998405.5114228885], [-684280.3642715904, -998405.6051728885], [-684280.1142715904, -998405.9801728885], [-684280.4892715904, -998406.6051728885], [-684281.4892715904, -998407.4801728885], [-684283.1142715904, -998408.6051728885], [-684285.3642715904, -998409.9801728885], [-684287.1455215904, -998411.1989228885], [-684288.4580215904, -998412.2614228885], [-684289.3017715904, -998413.1676728885], [-684289.6767715904, -998413.9176728885], [-684290.3017715904, -998414.1989228885], [-684291.1767715904, -998414.0114228885], [-684292.3017715904, -998413.3551728885], [-684293.6767715904, -998412.2301728885], [-684295.3017715904, -998411.6051728885], [-684297.1767715904, -998411.4801728885], [-684299.3017715904, -998411.8551728885], [-684301.6767715904, -998412.7301728885], [-684303.5830215904, -998413.5739228885], [-684305.0205215904, -998414.3864228885], [-684305.9892715904, -998415.1676728885], [-684306.4892715904, -998415.9176728885], [-684307.2705215904, -998416.4801728885], [-684308.3330215904, -998416.8551728885], [-684309.6767715904, -998417.0426728885], [-684311.3017715904, -998417.0426728885], [-684312.6142715904, -998416.8551728885], [-684313.6142715904, -998416.4801728885], [-684314.3017715904, -998415.9176728885], [-684314.6767715904, -998415.1676728885], [-684315.2705215904, -998414.5114228885], [-684316.0830215904, -998413.9489228885], [-684317.1142715904, -998413.4801728885], [-684318.3642715904, -998413.1051728885], [-684319.6142715904, -998413.0426728885], [-684320.8642715904, -998413.2926728885], [-684322.1142715904, -998413.8551728885], [-684323.3642715904, -998414.7301728885], [-684324.3642715904, -998415.6364228885], [-684325.1142715904, -998416.5739228885], [-684325.6142715904, -998417.5426728885], [-684325.8642715904, -998418.5426728885], [-684326.2705215904, -998419.3864228885], [-684326.8330215904, -998420.0739228885], [-684327.5517715904, -998420.6051728885], [-684328.4267715904, -998420.9801728885], [-684329.1767715904, -998421.4489228885], [-684329.8017715904, -998422.0114228885], [-684330.3017715904, -998422.6676728885], [-684330.6767715904, -998423.4176728885], [-684331.5517715904, -998423.8864228885], [-684332.9267715904, -998424.0739228885], [-684334.8017715904, -998423.9801728885], [-684337.1767715904, -998423.6051728885], [-684338.9580215904, -998422.6676728885], [-684340.1455215904, -998421.1676728885], [-684340.7392715904, -998419.1051728885], [-684340.7392715904, -998416.4801728885], [-684340.2392715904, -998414.5426728885], [-684339.2392715904, -998413.2926728885], [-684337.7392715904, -998412.7301728885], [-684335.7392715904, -998412.8551728885], [-684333.9267715904, -998413.1051728885], [-684332.3017715904, -998413.4801728885], [-684330.8642715904, -998413.9801728885], [-684329.6142715904, -998414.6051728885], [-684328.2392715904, -998414.7926728885], [-684326.7392715904, -998414.5426728885], [-684325.1142715904, -998413.8551728885], [-684323.3642715904, -998412.7301728885], [-684321.6455215904, -998411.9489228885], [-684319.9580215904, -998411.5114228885], [-684318.3017715904, -998411.4176728885], [-684316.6767715904, -998411.6676728885], [-684315.1455215904, -998411.7301728885], [-684313.7080215904, -998411.6051728885], [-684312.3642715904, -998411.2926728885], [-684311.1142715904, -998410.7926728885], [-684310.0830215904, -998410.1989228885], [-684309.2705215904, -998409.5114228885], [-684308.6767715904, -998408.7301728885], [-684308.3017715904, -998407.8551728885], [-684308.1767715904, -998406.9489228885], [-684308.3017715904, -998406.0114228885], [-684308.6767715904, -998405.0426728885], [-684309.3017715904, -998404.0426728885], [-684310.1142715904, -998403.2301728885], [-684311.1142715904, -998402.6051728885], [-684312.3017715904, -998402.1676728885], [-684313.6767715904, -998401.9176728885], [-684315.1767715904, -998401.9801728885], [-684316.8017715904, -998402.3551728885], [-684318.5517715904, -998403.0426728885], [-684320.4267715904, -998404.0426728885], [-684321.9892715904, -998404.6989228885], [-684323.2392715904, -998405.0114228885], [-684324.1767715904, -998404.9801728885], [-684324.8017715904, -998404.6051728885], [-684325.2705215904, -998404.1676728885], [-684325.5830215904, -998403.6676728885], [-684325.7392715904, -998403.1051728885], [-684325.7392715904, -998402.4801728885], [-684325.3642715904, -998401.8551728885], [-684324.6142715904, -998401.2301728885], [-684323.4892715904, -998400.6051728885], [-684321.9892715904, -998399.9801728885], [-684320.2705215904, -998399.4801728885], [-684318.3330215904, -998399.1051728885], [-684316.1767715904, -998398.8551728885], [-684313.8017715904, -998398.7301728885], [-684311.8955215904, -998398.5114228885], [-684310.4580215904, -998398.1989228885], [-684309.4892715904, -998397.7926728885], [-684308.9892715904, -998397.2926728885], [-684308.5830215904, -998396.6051728885], [-684308.2705215904, -998395.7301728885], [-684308.0517715904, -998394.6676728885], [-684307.9267715904, -998393.4176728885], [-684307.6455215904, -998392.7926728885], [-684307.2080215904, -998392.7926728885], [-684306.6142715904, -998393.4176728885], [-684305.8642715904, -998394.6676728885], [-684305.4267715904, -998395.8864228885], [-684305.3017715904, -998397.0739228885], [-684305.4892715904, -998398.2301728885], [-684305.9892715904, -998399.3551728885], [-684306.1767715904, -998400.4489228885]]]}}, {"type": "Feature", "properties": {"id": 14, "kind": "rock"}, "geometry": {"type": "Polygon", "coordinates": [[[-684022.9267715904, -998394.2301728885], [-684022.0517715904, -998395.3551728885], [-684021.3017715904, -998397.1051728885], [-684020.6767715904, -998399.4801728885], [-684019.7705215904, -998401.5739228885], [-684018.5830215904, -998403.3864228885], [-684017.1142715904, -998404.9176728885], [-684015.3642715904, -998406.1676728885], [-684014.2705215904, -998407.0114228885], [-684013.8330215904, -998407.4489228885], [-684014.0517715904, -998407.4801728885], [-684014.9267715904, -998407.1051728885], [-684015.9892715904, -998406.9176728885], [-684017.2392715904, -998406.9176728885], [-684018.6767715904, -998407.1051728885], [-684020.3017715904, -998407.4801728885], [-684021.5205215904, -998407.5739228885], [-684022.3330215904, -998407.3864228885], [-684022.7392715904, -998406.9176728885], [-684022.7392715904, -998406.1676728885], [-684022.9580215904, -998405.4489228885], [-684023.3955215904, -998404.7614228885], [-684024.0517715904, -998404.1051728885], [-684024.9267715904, -998403.4801728885], [-684025.6455215904, -998402.7301728885], [-684026.2080215904, -998401.8551728885], [-684026.6142715904, -998400.8551728885], [-684026.8642715904, -998399.7301728885], [-684027.4892715904, -998398.6051728885], [-684028.4892715904, -998397.4801728885], [-684029.8642715904, -998396.3551728885], [-684031.6142715904, -998395.2301728885], [-684032.9267715904, -998394.0739228885], [-684033.8017715904, -998392.8864228885], [-684034.2392715904, -998391.6676728885], [-684034.2392715904, -998390.4176728885], [-684033.7705215904, -998389.8239228885], [-684032.8330215904, -998389.8864228885], [-684031.4267715904, -998390.6051728885], [-684029.5517715904, -998391.9801728885], [-684027.8642715904, -998392.9801728885], [-684026.3642715904, -998393.6051728885], [-684025.0517715904, -998393.8551728885], [-684023.9267715904, -998393.7301728885], [-684022.9267715904, -998394.2301728885]]]}}, {"type": "Feature", "properties": {"id": 15, "kind": "rock"}, "geometry": {"type": "Polygon", "coordinates": [[[-684064.8642715904, -998371.7301728885], [-684064.3330215904, -998372.6989228885], [-684064.0205215904, -998373.7614228885], [-684063.9267715904, -998374.9176728885], [-684064.0517715904, -998376.1676728885], [-684063.9580215904, -998377.2926728885], [-684063.6455215904, -998378.2926728885], [-684063.1142715904, -998379.1676728885], [-684062.3642715904, -998379.9176728885], [-684061.4892715904, -998380.5426728885], [-684060.4892715904, -998381.0426728885], [-684059.3642715904, -998381.4176728885], [-684058.1142715904, -998381.6676728885], [-684057.1142715904, -998382.0114228885], [-684056.3642715904, -998382.4489228885], [-684055.8642715904, -998382.9801728885], [-684055.6142715904, -998383.6051728885], [-684055.5517715904, -998384.2301728885], [-684055.6767715904, -998384.8551728885], [-684055.9892715904, -998385.4801728885], [-684056.4892715904, -998386.1051728885], [-684057.1455215904, -998386.6051728885], [-684057.9580215904, -998386.9801728885], [-684058.9267715904, -998387.2301728885], [-684060.0517715904, -998387.3551728885], [-684061.0205215904, -998386.9801728885], [-684061.8330215904, -998386.1051728885], [-684062.4892715904, -998384.7301728885], [-684062.9892715904, -998382.8551728885], [-684063.8642715904, -998381.3864228885], [-684065.1142715904, -998380.3239228885], [-684066.7392715904, -998379.6676728885], [-684068.7392715904, -998379.4176728885], [-684070.3955215904, -998378.9489228885], [-684071.7080215904, -998378.2614228885], [-684072.6767715904, -998377.3551728885], [-684073.3017715904, -998376.2301728885], [-684073.7705215904, -998375.2301728885], [-684074.0830215904, -998374.3551728885], [-684074.2392715904, -998373.6051728885], [-684074.2392715904, -998372.9801728885], [-684073.9267715904, -998372.1364228885], [-684073.3017715904, -998371.0739228885], [-684072.3642715904, -998369.7926728885], [-684071.1142715904, -998368.2926728885], [-684069.9892715904, -998367.0739228885], [-684068.9892715904, -998366.1364228885], [-684068.1142715904, -998365.4801728885], [-684067.3642715904, -998365.1051728885], [-684066.8330215904, -998365.1364228885], [-684066.5205215904, -998365.5739228885], [-684066.4267715904, -998366.4176728885], [-684066.5517715904, -998367.6676728885], [-684066.4580215904, -998368.8239228885], [-684066.1455215904, -998369.8864228885], [-684065.6142715904, -998370.8551728885], [-684064.8642715904, -998371.7301728885]]]}}, {"type": "Feature", "properties": {"id": 16, "kind": "rock"}, "geometry": {"type": "Polygon", "coordinates": [[[-683912.9267715904, -998999.6676728885], [-683911.5517715904, -999000.1676728885], [-683909.9267715904, -999001.1051728885], [-683908.0517715904, -999002.4801728885], [-683906.2392715904, -999003.5426728885], [-683904.4892715904, -999004.2926728885], [-683902.8017715904, -999004.7301728885], [-683901.1767715904, -999004.8551728885], [-683899.6142715904, -999005.6676728885], [-683898.1142715904, -999007.1676728885], [-683896.6767715904, -999009.3551728885], [-683895.3017715904, -999012.2301728885], [-683893.7080215904, -999014.5426728885], [-683891.8955215904, -999016.2926728885], [-683889.8642715904, -999017.4801728885], [-683887.6142715904, -999018.1051728885], [-683886.0830215904, -999018.9489228885], [-683885.2705215904, -999020.0114228885], [-683885.1767715904, -999021.2926728885], [-683885.8017715904, -999022.7926728885], [-683886.1767715904, -999024.1364228885], [-683886.3017715904, -999025.3239228885], [-683886.1767715904, -999026.3551728885], [-683885.8017715904, -999027.2301728885], [-683885.0205215904, -999027.9176728885], [-683883.8330215904, -999028.4176728885], [-683882.2392715904, -999028.7301728885], [-683880.2392715904, -999028.8551728885], [-683878.3330215904, -999028.4489228885], [-683876.5205215904, -999027.5114228885], [-683874.8017715904, -999026.0426728885], [-683873.1767715904, -999024.0426728885], [-683871.5830215904, -999022.5426728885], [-683870.0205215904, -999021.5426728885], [-683868.4892715904, -999021.0426728885], [-683866.9892715904, -999021.0426728885], [-683865.5830215904, -999021.2301728885], [-683864.2705215904, -999021.6051728885], [-683863.0517715904, -999022.1676728885], [-683861.9267715904, -999022.9176728885], [-683861.1767715904, -999023.7301728885], [-683860.8017715904, -999024.6051728885], [-683860.8017715904, -999025.5426728885], [-683861.1767715904, -999026.5426728885], [-683861.3642715904, -999027.5426728885], [-683861.3642715904, -999028.5426728885], [-683861.1767715904, -999029.5426728885], [-683860.8017715904, -999030.5426728885], [-683860.8330215904, -999031.2926728885], [-683861.2705215904, -999031.7926728885], [-683862.1142715904, -999032.0426728885], [-683863.3642715904, -999032.0426728885], [-683864.2392715904, -999031.7301728885], [-683864.7392715904, -999031.1051728885], [-683864.8642715904, -999030.1676728885], [-683864.6142715904, -999028.9176728885], [-683864.7392715904, -999027.7926728885], [-683865.2392715904, -999026.7926728885], [-683866.1142715904, -999025.9176728885], [-683867.3642715904, -999025.1676728885], [-683868.5205215904, -999024.6989228885], [-683869.5830215904, -999024.5114228885], [-683870.5517715904, -999024.6051728885], [-683871.4267715904, -999024.9801728885], [-683872.1767715904, -999025.4801728885], [-683872.8017715904, -999026.1051728885], [-683873.3017715904, -999026.8551728885], [-683873.6767715904, -999027.7301728885], [-683873.8955215904, -999028.5739228885], [-683873.9580215904, -999029.3864228885], [-683873.8642715904, -999030.1676728885], [-683873.6142715904, -999030.9176728885], [-683874.6455215904, -999031.4801728885], [-683876.9580215904, -999031.8551728885], [-683880.5517715904, -999032.0426728885], [-683885.4267715904, -999032.0426728885], [-683889.1455215904, -999031.7614228885], [-683891.7080215904, -999031.1989228885], [-683893.1142715904, -999030.3551728885], [-683893.3642715904, -999029.2301728885], [-683893.9580215904, -999028.1989228885], [-683894.8955215904, -999027.2614228885], [-683896.1767715904, -999026.4176728885], [-683897.8017715904, -999025.6676728885], [-683899.2705215904, -999025.1676728885], [-683900.5830215904, -999024.9176728885], [-683901.7392715904, -999024.9176728885], [-683902.7392715904, -999025.1676728885], [-683903.5517715904, -999025.7614228885], [-683904.1767715904, -999026.6989228885], [-683904.6142715904, -999027.9801728885], [-683904.8642715904, -999029.6051728885], [-683905.2080215904, -999030.8239228885], [-683905.6455215904, -999031.6364228885], [-683906.1767715904, -999032.0426728885], [-683906.8017715904, -999032.0426728885], [-683907.2080215904, -999031.8864228885], [-683907.3955215904, -999031.5739228885], [-683907.3642715904, -999031.1051728885], [-683907.1142715904, -999030.4801728885], [-683907.1142715904, -999029.6364228885], [-683907.3642715904, -999028.5739228885], [-683907.8642715904, -999027.2926728885], [-683908.6142715904, -999025.7926728885], [-683909.6455215904, -999024.5426728885], [-683910.9580215904, -999023.5426728885], [-683912.5517715904, -999022.7926728885], [-683914.4267715904, -999022.2926728885], [-683916.2080215904, -999021.9801728885], [-683917.8955215904, -999021.8551728885], [-683919.4892715904, -999021.9176728885], [-683920.9892715904, -999022.1676728885], [-683922.0205215904, -999022.1051728885], [-683922.5830215904, -999021.7301728885], [-683922.6767715904, -999021.0426728885], [-683922.3017715904, -999020.0426728885], [-683921.8017715904, -999019.3864228885], [-683921.1767715904, -999019.0739228885], [-683920.4267715904, -999019.1051728885], [-683919.5517715904, -999019.4801728885], [-683918.7080215904, -999019.6989228885], [-683917.8955215904, -999019.7614228885], [-683917.1142715904, -999019.6676728885], [-683916.3642715904, -999019.4176728885], [-683915.7080215904, -999019.0426728885], [-683915.1455215904, -999018.5426728885], [-683914.6767715904, -999017.9176728885], [-683914.3017715904, -999017.1676728885], [-683914.0830215904, -999016.3864228885], [-683914.0205215904, -999015.5739228885], [-683914.1142715904, -999014.7301728885], [-683914.3642715904, -999013.8551728885], [-683914.3017715904, -999013.1364228885], [-683913.9267715904, -999012.5739228885], [-683913.2392715904, -999012.1676728885], [-683912.2392715904, -999011.9176728885], [-683911.3955215904, -999011.5426728885], [-683910.7080215904, -999011.0426728885], [-683910.1767715904, -999010.4176728885], [-683909.8017715904, -999009.6676728885], [-683909.7392715904, -999008.7301728885], [-683909.9892715904, -999007.6051728885], [-683910.5517715904, -999006.2926728885], [-683911.4267715904, -999004.7926728885], [-683912.3017715904, -999003.6676728885], [-683913.1767715904, -999002.9176728885], [-683914.0517715904, -999002.5426728885], [-683914.9267715904, -999002.5426728885], [-683915.7705215904, -999002.6989228885], [-683916.5830215904, -999003.0114228885], [-683917.3642715904, -999003.4801728885], [-683918.1142715904, -999004.1051728885], [-683919.0517715904, -999003.9801728885], [-683920.1767715904, -999003.1051728885], [-683921.4892715904, -999001.4801728885], [-683922.9892715904, -998999.1051728885], [-683923.5517715904, -998997.6364228885], [-683923.1767715904, -998997.0739228885], [-683921.8642715904, -998997.4176728885], [-683919.6142715904, -998998.6676728885], [-683917.7080215904, -998999.5114228885], [-683916.1455215904, -998999.9489228885], [-683914.9267715904, -998999.9801728885], [-683914.0517715904, -998999.6051728885], [-683912.9267715904, -998999.6676728885]]]}}, {"type": "Feature", "properties": {"id": 17, "kind": "rock"}, "geometry": {"type": "Polygon", "coordinates": [[[-683933.0517715904, -999014.2926728885], [-683934.1767715904, -999014.7926728885], [-683935.9892715904, -999015.0426728885], [-683938.4892715904, -999015.0426728885], [-683940.6142715904, -999015.2926728885], [-683942.3642715904, -999015.7926728885], [-683943.7392715904, -999016.5426728885], [-683944.7392715904, -999017.5426728885], [-683945.9580215904, -999018.1364228885], [-683947.3955215904, -999018.3239228885], [-683949.0517715904, -999018.1051728885], [-683950.9267715904, -999017.4801728885], [-683951.8955215904, -999016.8864228885], [-683951.9580215904, -999016.3239228885], [-683951.1142715904, -999015.7926728885], [-683949.3642715904, -999015.2926728885], [-683947.9267715904, -999014.7301728885], [-683946.8017715904, -999014.1051728885], [-683945.9892715904, -999013.4176728885], [-683945.4892715904, -999012.6676728885], [-683944.8642715904, -999012.1676728885], [-683944.1142715904, -999011.9176728885], [-683943.2392715904, -999011.9176728885], [-683942.2392715904, -999012.1676728885], [-683941.2705215904, -999012.1676728885], [-683940.3330215904, -999011.9176728885], [-683939.4267715904, -999011.4176728885], [-683938.5517715904, -999010.6676728885], [-683937.6455215904, -999010.1989228885], [-683936.7080215904, -999010.0114228885], [-683935.7392715904, -999010.1051728885], [-683934.7392715904, -999010.4801728885], [-683933.9267715904, -999011.0114228885], [-683933.3017715904, -999011.6989228885], [-683932.8642715904, -999012.5426728885], [-683932.6142715904, -999013.5426728885], [-683933.0517715904, -999014.2926728885]]]}}, {"type": "Feature", "properties": {"id": 18, "kind": "rock"}, "geometry": {"type": "Polygon", "coordinates": [[[-683957.9892715904, -998990.4176728885], [-683955.5205215904, -998990.8239228885], [-683953.0830215904, -998990.8864228885], [-683950.6767715904, -998990.6051728885], [-683948.3017715904, -998989.9801728885], [-683946.3955215904, -998989.8239228885], [-683944.9580215904, -998990.1364228885], [-683943.9892715904, -998990.9176728885], [-683943.4892715904, -998992.1676728885], [-683943.3017715904, -998993.0114228885], [-683943.4267715904, -998993.4489228885], [-683943.8642715904, -998993.4801728885], [-683944.6142715904, -998993.1051728885], [-683945.4267715904, -998992.8864228885], [-683946.3017715904, -998992.8239228885], [-683947.2392715904, -998992.9176728885], [-683948.2392715904, -998993.1676728885], [-683949.0517715904, -998993.5114228885], [-683949.6767715904, -998993.9489228885], [-683950.1142715904, -998994.4801728885], [-683950.3642715904, -998995.1051728885], [-683950.8017715904, -998995.6364228885], [-683951.4267715904, -998996.0739228885], [-683952.2392715904, -998996.4176728885], [-683953.2392715904, -998996.6676728885], [-683954.1142715904, -998997.1364228885], [-683954.8642715904, -998997.8239228885], [-683955.4892715904, -998998.7301728885], [-683955.9892715904, -998999.8551728885], [-683957.0517715904, -999000.0739228885], [-683958.6767715904, -998999.3864228885], [-683960.8642715904, -998997.7926728885], [-683963.6142715904, -998995.2926728885], [-683966.2080215904, -998993.4176728885], [-683968.6455215904, -998992.1676728885], [-683970.9267715904, -998991.5426728885], [-683973.0517715904, -998991.5426728885], [-683974.3330215904, -998991.4489228885], [-683974.7705215904, -998991.2614228885], [-683974.3642715904, -998990.9801728885], [-683973.1142715904, -998990.6051728885], [-683972.0517715904, -998990.0739228885], [-683971.1767715904, -998989.3864228885], [-683970.4892715904, -998988.5426728885], [-683969.9892715904, -998987.5426728885], [-683969.6767715904, -998986.6364228885], [-683969.5517715904, -998985.8239228885], [-683969.6142715904, -998985.1051728885], [-683969.8642715904, -998984.4801728885], [-683969.6767715904, -998984.3239228885], [-683969.0517715904, -998984.6364228885], [-683967.9892715904, -998985.4176728885], [-683966.4892715904, -998986.6676728885], [-683964.7392715904, -998987.7926728885], [-683962.7392715904, -998988.7926728885], [-683960.4892715904, -998989.6676728885], [-683957.9892715904, -998990.4176728885]]]}}, {"type": "Feature", "properties": {"id": 19, "kind": "rock"}, "geometry": {"type": "Polygon", "coordinates": [[[-683955.8017715904, -998896.2926728885], [-683955.1767715904, -998897.7926728885], [-683954.1767715904, -998899.0426728885], [-683952.8017715904, -998900.0426728885], [-683951.7080215904, -998901.1676728885], [-683950.8955215904, -998902.4176728885], [-683950.3642715904, -998903.7926728885], [-683950.1142715904, -998905.2926728885], [-683949.7080215904, -998906.5114228885], [-683949.1455215904, -998907.4489228885], [-683948.4267715904, -998908.1051728885], [-683947.5517715904, -998908.4801728885], [-683946.6142715904, -998908.6364228885], [-683945.6142715904, -998908.5739228885], [-683944.5517715904, -998908.2926728885], [-683943.4267715904, -998907.7926728885], [-683942.3955215904, -998907.8239228885], [-683941.4580215904, -998908.3864228885], [-683940.6142715904, -998909.4801728885], [-683939.8642715904, -998911.1051728885], [-683939.6767715904, -998912.1989228885], [-683940.0517715904, -998912.7614228885], [-683940.9892715904, -998912.7926728885], [-683942.4892715904, -998912.2926728885], [-683944.0517715904, -998912.1051728885], [-683945.6767715904, -998912.2301728885], [-683947.3642715904, -998912.6676728885], [-683949.1142715904, -998913.4176728885], [-683950.6142715904, -998913.8239228885], [-683951.8642715904, -998913.8864228885], [-683952.8642715904, -998913.6051728885], [-683953.6142715904, -998912.9801728885], [-683954.1767715904, -998912.2301728885], [-683954.5517715904, -998911.3551728885], [-683954.7392715904, -998910.3551728885], [-683954.7392715904, -998909.2301728885], [-683954.9267715904, -998908.0739228885], [-683955.3017715904, -998906.8864228885], [-683955.8642715904, -998905.6676728885], [-683956.6142715904, -998904.4176728885], [-683957.3642715904, -998903.4176728885], [-683958.1142715904, -998902.6676728885], [-683958.8642715904, -998902.1676728885], [-683959.6142715904, -998901.9176728885], [-683960.4267715904, -998901.8239228885], [-683961.3017715904, -998901.8864228885], [-683962.2392715904, -998902.1051728885], [-683963.2392715904, -998902.4801728885], [-683964.1455215904, -998902.9801728885], [-683964.9580215904, -998903.6051728885], [-683965.6767715904, -998904.3551728885], [-683966.3017715904, -998905.2301728885], [-683966.7080215904, -998906.1051728885], [-683966.8955215904, -998906.9801728885], [-683966.8642715904, -998907.8551728885], [-683966.6142715904, -998908.7301728885], [-683966.5517715904, -998909.9176728885], [-683966.6767715904, -998911.4176728885], [-683966.9892715904, -998913.2301728885], [-683967.4892715904, -998915.3551728885], [-683968.5205215904, -998917.1364228885], [-683970.0830215904, -998918.5739228885], [-683972.1767715904, -998919.6676728885], [-683974.8017715904, -998920.4176728885], [-683977.1142715904, -998921.4801728885], [-683979.1142715904, -998922.8551728885], [-683980.8017715904, -998924.5426728885], [-683982.1767715904, -998926.5426728885], [-683983.2080215904, -998928.4176728885], [-683983.8955215904, -998930.1676728885], [-683984.2392715904, -998931.7926728885], [-683984.2392715904, -998933.2926728885], [-683984.3330215904, -998934.4801728885], [-683984.5205215904, -998935.3551728885], [-683984.8017715904, -998935.9176728885], [-683985.1767715904, -998936.1676728885], [-683985.7392715904, -998935.7301728885], [-683986.4892715904, -998934.6051728885], [-683987.4267715904, -998932.7926728885], [-683988.5517715904, -998930.2926728885], [-683989.2392715904, -998928.1989228885], [-683989.4892715904, -998926.5114228885], [-683989.3017715904, -998925.2301728885], [-683988.6767715904, -998924.3551728885], [-683987.9267715904, -998923.6676728885], [-683987.0517715904, -998923.1676728885], [-683986.0517715904, -998922.8551728885], [-683984.9267715904, -998922.7301728885], [-683983.8330215904, -998922.2614228885], [-683982.7705215904, -998921.4489228885], [-683981.7392715904, -998920.2926728885], [-683980.7392715904, -998918.7926728885], [-683979.5830215904, -998917.6364228885], [-683978.2705215904, -998916.8239228885], [-683976.8017715904, -998916.3551728885], [-683975.1767715904, -998916.2301728885], [-683973.8330215904, -998915.8551728885], [-683972.7705215904, -998915.2301728885], [-683971.9892715904, -998914.3551728885], [-683971.4892715904, -998913.2301728885], [-683971.2705215904, -998912.0114228885], [-683971.3330215904, -998910.6989228885], [-683971.6767715904, -998909.2926728885], [-683972.3017715904, -998907.7926728885], [-683972.7080215904, -998906.2614228885], [-683972.8955215904, -998904.6989228885], [-683972.8642715904, -998903.1051728885], [-683972.6142715904, -998901.4801728885], [-683972.7080215904, -998900.0739228885], [-683973.1455215904, -998898.8864228885], [-683973.9267715904, -998897.9176728885], [-683975.0517715904, -998897.1676728885], [-683975.7392715904, -998896.2301728885], [-683975.9892715904, -998895.1051728885], [-683975.8017715904, -998893.7926728885], [-683975.1767715904, -998892.2926728885], [-683974.3017715904, -998890.8239228885], [-683973.1767715904, -998889.3864228885], [-683971.8017715904, -998887.9801728885], [-683970.1767715904, -998886.6051728885], [-683968.4892715904, -998885.4801728885], [-683966.7392715904, -998884.6051728885], [-683964.9267715904, -998883.9801728885], [-683963.0517715904, -998883.6051728885], [-683961.3642715904, -998883.7301728885], [-683959.8642715904, -998884.3551728885], [-683958.5517715904, -998885.4801728885], [-683957.4267715904, -998887.1051728885], [-683956.6142715904, -998888.8239228885], [-683956.1142715904, -998890.6364228885], [-683955.9267715904, -998892.5426728885], [-683956.0517715904, -998894.5426728885], [-683955.8017715904, -998896.2926728885]]]}}, {"type": "Feature", "properties": {"id": 20, "kind": "rock"}, "geometry": {"type": "Polygon", "coordinates": [[[-683851.4267715904, -998884.7926728885], [-683850.0517715904, -998884.5426728885], [-683848.9267715904, -998884.6051728885], [-683848.0517715904, -998884.9801728885], [-683847.4580215904, -998885.5426728885], [-683847.1455215904, -998886.2926728885], [-683847.1142715904, -998887.2301728885], [-683847.3642715904, -998888.3551728885], [-683847.3330215904, -998890.1364228885], [-683847.0205215904, -998892.5739228885], [-683846.4267715904, -998895.6676728885], [-683845.5517715904, -998899.4176728885], [-683845.0517715904, -998902.1676728885], [-683844.9267715904, -998903.9176728885], [-683845.1767715904, -998904.6676728885], [-683845.8017715904, -998904.4176728885], [-683846.2392715904, -998903.9176728885], [-683846.4892715904, -998903.1676728885], [-683846.5517715904, -998902.1676728885], [-683846.4267715904, -998900.9176728885], [-683846.6455215904, -998899.6051728885], [-683847.2080215904, -998898.2301728885], [-683848.1142715904, -998896.7926728885], [-683849.3642715904, -998895.2926728885], [-683850.9892715904, -998893.9176728885], [-683852.9892715904, -998892.6676728885], [-683855.3642715904, -998891.5426728885], [-683858.1142715904, -998890.5426728885], [-683860.5517715904, -998889.9801728885], [-683862.6767715904, -998889.8551728885], [-683864.4892715904, -998890.1676728885], [-683865.9892715904, -998890.9176728885], [-683867.1767715904, -998891.8551728885], [-683868.0517715904, -998892.9801728885], [-683868.6142715904, -998894.2926728885], [-683868.8642715904, -998895.7926728885], [-683869.3017715904, -998896.6676728885], [-683869.9267715904, -998896.9176728885], [-683870.7392715904, -998896.5426728885], [-683871.7392715904, -998895.5426728885], [-683872.7705215904, -998894.9801728885], [-683873.8330215904, -998894.8551728885], [-683874.9267715904, -998895.1676728885], [-683876.0517715904, -998895.9176728885], [-683877.1142715904, -998896.4176728885], [-683878.1142715904, -998896.6676728885], [-683879.0517715904, -998896.6676728885], [-683879.9267715904, -998896.4176728885], [-683880.3330215904, -998896.0426728885], [-683880.2705215904, -998895.5426728885], [-683879.7392715904, -998894.9176728885], [-683878.7392715904, -998894.1676728885], [-683877.8955215904, -998893.2926728885], [-683877.2080215904, -998892.2926728885], [-683876.6767715904, -998891.1676728885], [-683876.3017715904, -998889.9176728885], [-683875.4892715904, -998888.8864228885], [-683874.2392715904, -998888.0739228885], [-683872.5517715904, -998887.4801728885], [-683870.4267715904, -998887.1051728885], [-683868.7392715904, -998886.4489228885], [-683867.4892715904, -998885.5114228885], [-683866.6767715904, -998884.2926728885], [-683866.3017715904, -998882.7926728885], [-683865.9267715904, -998881.8551728885], [-683865.5517715904, -998881.4801728885], [-683865.1767715904, -998881.6676728885], [-683864.8017715904, -998882.4176728885], [-683864.1142715904, -998883.2301728885], [-683863.1142715904, -998884.1051728885], [-683861.8017715904, -998885.0426728885], [-683860.1767715904, -998886.0426728885], [-683858.4892715904, -998886.5739228885], [-683856.7392715904, -998886.6364228885], [-683854.9267715904, -998886.2301728885], [-683853.0517715904, -998885.3551728885], [-683851.4267715904, -998884.7926728885]]]}}, {"type": "Feature", "properties": {"id": 21, "kind": "rock"}, "geometry": {"type": "Polygon", "coordinates": [[[-683931.9267715904, -998868.4801728885], [-683930.7080215904, -998869.2926728885], [-683929.3955215904, -998870.5426728885], [-683927.9892715904, -998872.2301728885], [-683926.4892715904, -998874.3551728885], [-683924.8955215904, -998876.1989228885], [-683923.2080215904, -998877.7614228885], [-683921.4267715904, -998879.0426728885], [-683919.5517715904, -998880.0426728885], [-683918.0517715904, -998881.1051728885], [-683916.9267715904, -998882.2301728885], [-683916.1767715904, -998883.4176728885], [-683915.8017715904, -998884.6676728885], [-683915.0517715904, -998885.6364228885], [-683913.9267715904, -998886.3239228885], [-683912.4267715904, -998886.7301728885], [-683910.5517715904, -998886.8551728885], [-683908.8955215904, -998887.4801728885], [-683907.4580215904, -998888.6051728885], [-683906.2392715904, -998890.2301728885], [-683905.2392715904, -998892.3551728885], [-683904.1767715904, -998894.0426728885], [-683903.0517715904, -998895.2926728885], [-683901.8642715904, -998896.1051728885], [-683900.6142715904, -998896.4801728885], [-683899.6767715904, -998896.9176728885], [-683899.0517715904, -998897.4176728885], [-683898.7392715904, -998897.9801728885], [-683898.7392715904, -998898.6051728885], [-683898.9267715904, -998899.1676728885], [-683899.3017715904, -998899.6676728885], [-683899.8642715904, -998900.1051728885], [-683900.6142715904, -998900.4801728885], [-683901.2705215904, -998901.0114228885], [-683901.8330215904, -998901.6989228885], [-683902.3017715904, -998902.5426728885], [-683902.6767715904, -998903.5426728885], [-683903.0830215904, -998904.2301728885], [-683903.5205215904, -998904.6051728885], [-683903.9892715904, -998904.6676728885], [-683904.4892715904, -998904.4176728885], [-683905.1455215904, -998903.6051728885], [-683905.9580215904, -998902.2301728885], [-683906.9267715904, -998900.2926728885], [-683908.0517715904, -998897.7926728885], [-683909.1455215904, -998895.8551728885], [-683910.2080215904, -998894.4801728885], [-683911.2392715904, -998893.6676728885], [-683912.2392715904, -998893.4176728885], [-683913.2080215904, -998893.3239228885], [-683914.1455215904, -998893.3864228885], [-683915.0517715904, -998893.6051728885], [-683915.9267715904, -998893.9801728885], [-683916.9580215904, -998893.8239228885], [-683918.1455215904, -998893.1364228885], [-683919.4892715904, -998891.9176728885], [-683920.9892715904, -998890.1676728885], [-683922.3330215904, -998888.7614228885], [-683923.5205215904, -998887.6989228885], [-683924.5517715904, -998886.9801728885], [-683925.4267715904, -998886.6051728885], [-683926.4892715904, -998886.5114228885], [-683927.7392715904, -998886.6989228885], [-683929.1767715904, -998887.1676728885], [-683930.8017715904, -998887.9176728885], [-683932.0830215904, -998888.7614228885], [-683933.0205215904, -998889.6989228885], [-683933.6142715904, -998890.7301728885], [-683933.8642715904, -998891.8551728885], [-683933.9267715904, -998893.1676728885], [-683933.8017715904, -998894.6676728885], [-683933.4892715904, -998896.3551728885], [-683932.9892715904, -998898.2301728885], [-683932.6767715904, -998899.7614228885], [-683932.5517715904, -998900.9489228885], [-683932.6142715904, -998901.7926728885], [-683932.8642715904, -998902.2926728885], [-683933.2392715904, -998902.6051728885], [-683933.7392715904, -998902.7301728885], [-683934.3642715904, -998902.6676728885], [-683935.1142715904, -998902.4176728885], [-683935.7080215904, -998901.8239228885], [-683936.1455215904, -998900.8864228885], [-683936.4267715904, -998899.6051728885], [-683936.5517715904, -998897.9801728885], [-683936.8017715904, -998896.5426728885], [-683937.1767715904, -998895.2926728885], [-683937.6767715904, -998894.2301728885], [-683938.3017715904, -998893.3551728885], [-683938.7392715904, -998892.3239228885], [-683938.9892715904, -998891.1364228885], [-683939.0517715904, -998889.7926728885], [-683938.9267715904, -998888.2926728885], [-683938.5205215904, -998887.1051728885], [-683937.8330215904, -998886.2301728885], [-683936.8642715904, -998885.6676728885], [-683935.6142715904, -998885.4176728885], [-683934.5830215904, -998884.8864228885], [-683933.7705215904, -998884.0739228885], [-683933.1767715904, -998882.9801728885], [-683932.8017715904, -998881.6051728885], [-683933.1767715904, -998880.1364228885], [-683934.3017715904, -998878.5739228885], [-683936.1767715904, -998876.9176728885], [-683938.8017715904, -998875.1676728885], [-683941.0205215904, -998874.1051728885], [-683942.8330215904, -998873.7301728885], [-683944.2392715904, -998874.0426728885], [-683945.2392715904, -998875.0426728885], [-683945.8642715904, -998876.2301728885], [-683946.1142715904, -998877.6051728885], [-683945.9892715904, -998879.1676728885], [-683945.4892715904, -998880.9176728885], [-683945.4267715904, -998882.2926728885], [-683945.8017715904, -998883.2926728885], [-683946.6142715904, -998883.9176728885], [-683947.8642715904, -998884.1676728885], [-683948.8642715904, -998883.5426728885], [-683949.6142715904, -998882.0426728885], [-683950.1142715904, -998879.6676728885], [-683950.3642715904, -998876.4176728885], [-683950.1455215904, -998873.6989228885], [-683949.4580215904, -998871.5114228885], [-683948.3017715904, -998869.8551728885], [-683946.6767715904, -998868.7301728885], [-683945.0830215904, -998867.8239228885], [-683943.5205215904, -998867.1364228885], [-683941.9892715904, -998866.6676728885], [-683940.4892715904, -998866.4176728885], [-683939.2705215904, -998866.0426728885], [-683938.3330215904, -998865.5426728885], [-683937.6767715904, -998864.9176728885], [-683937.3017715904, -998864.1676728885], [-683936.8955215904, -998863.8864228885], [-683936.4580215904, -998864.0739228885], [-683935.9892715904, -998864.7301728885], [-683935.4892715904, -998865.8551728885], [-683934.8330215904, -998866.7926728885], [-683934.0205215904, -998867.5426728885], [-683933.0517715904, -998868.1051728885], [-683931.9267715904, -998868.4801728885]]]}}, {"type": "Feature", "properties": {"id": 22, "kind": "rock"}, "geometry": {"type": "Polygon", "coordinates": [[[-683878.7080215904, -998843.6989228885], [-683880.3955215904, -998844.5114228885], [-683881.4892715904, -998845.3551728885], [-683881.9892715904, -998846.2301728885], [-683882.3330215904, -998847.2301728885], [-683882.5205215904, -998848.3551728885], [-683882.5517715904, -998849.6051728885], [-683882.4267715904, -998850.9801728885], [-683882.6142715904, -998851.8239228885], [-683883.1142715904, -998852.1364228885], [-683883.9267715904, -998851.9176728885], [-683885.0517715904, -998851.1676728885], [-683885.8955215904, -998850.2926728885], [-683886.4580215904, -998849.2926728885], [-683886.7392715904, -998848.1676728885], [-683886.7392715904, -998846.9176728885], [-683886.4580215904, -998845.7301728885], [-683885.8955215904, -998844.6051728885], [-683885.0517715904, -998843.5426728885], [-683883.9267715904, -998842.5426728885], [-683882.6767715904, -998841.6676728885], [-683881.3017715904, -998840.9176728885], [-683879.8017715904, -998840.2926728885], [-683878.1767715904, -998839.7926728885], [-683876.5205215904, -998839.4489228885], [-683874.8330215904, -998839.2614228885], [-683873.1142715904, -998839.2301728885], [-683871.3642715904, -998839.3551728885], [-683870.0830215904, -998839.5426728885], [-683869.2705215904, -998839.7926728885], [-683868.9267715904, -998840.1051728885], [-683869.0517715904, -998840.4801728885], [-683869.8642715904, -998840.9489228885], [-683871.3642715904, -998841.5114228885], [-683873.5517715904, -998842.1676728885], [-683876.4267715904, -998842.9176728885], [-683878.7080215904, -998843.6989228885]]]}}, {"type": "Feature", "properties": {"id": 23, "kind": "rock"}, "geometry": {"type": "Polygon", "coordinates": [[[-683939.9892715904, -998734.3864228885], [-683939.2392715904, -998735.8239228885], [-683938.1767715904, -998737.0426728885], [-683936.8017715904, -998738.0426728885], [-683935.6142715904, -998739.1364228885], [-683934.6142715904, -998740.3239228885], [-683933.8017715904, -998741.6051728885], [-683933.1767715904, -998742.9801728885], [-683933.3017715904, -998743.6051728885], [-683934.1767715904, -998743.4801728885], [-683935.8017715904, -998742.6051728885], [-683938.1767715904, -998740.9801728885], [-683940.2080215904, -998739.1364228885], [-683941.8955215904, -998737.0739228885], [-683943.2392715904, -998734.7926728885], [-683944.2392715904, -998732.2926728885], [-683945.5205215904, -998730.4176728885], [-683947.0830215904, -998729.1676728885], [-683948.9267715904, -998728.5426728885], [-683951.0517715904, -998728.5426728885], [-683952.3642715904, -998728.2614228885], [-683952.8642715904, -998727.6989228885], [-683952.5517715904, -998726.8551728885], [-683951.4267715904, -998725.7301728885], [-683950.3330215904, -998724.8551728885], [-683949.2705215904, -998724.2301728885], [-683948.2392715904, -998723.8551728885], [-683947.2392715904, -998723.7301728885], [-683946.1767715904, -998723.9176728885], [-683945.0517715904, -998724.4176728885], [-683943.8642715904, -998725.2301728885], [-683942.6142715904, -998726.3551728885], [-683941.6455215904, -998727.6676728885], [-683940.9580215904, -998729.1676728885], [-683940.5517715904, -998730.8551728885], [-683940.4267715904, -998732.7301728885], [-683939.9892715904, -998734.3864228885]]]}}, {"type": "Feature", "properties": {"id": 24, "kind": "rock"}, "geometry": {"type": "Polygon", "coordinates": [[[-683926.9892715904, -998701.6676728885], [-683927.1142715904, -998703.1364228885], [-683926.8642715904, -998704.8239228885], [-683926.2392715904, -998706.7301728885], [-683925.2392715904, -998708.8551728885], [-683924.2080215904, -998710.6051728885], [-683923.1455215904, -998711.9801728885], [-683922.0517715904, -998712.9801728885], [-683920.9267715904, -998713.6051728885], [-683919.9892715904, -998714.5426728885], [-683919.2392715904, -998715.7926728885], [-683918.6767715904, -998717.3551728885], [-683918.3017715904, -998719.2301728885], [-683917.7392715904, -998720.7926728885], [-683916.9892715904, -998722.0426728885], [-683916.0517715904, -998722.9801728885], [-683914.9267715904, -998723.6051728885], [-683914.1142715904, -998724.3239228885], [-683913.6142715904, -998725.1364228885], [-683913.4267715904, -998726.0426728885], [-683913.5517715904, -998727.0426728885], [-683913.3330215904, -998728.4176728885], [-683912.7705215904, -998730.1676728885], [-683911.8642715904, -998732.2926728885], [-683910.6142715904, -998734.7926728885], [-683910.1767715904, -998736.3551728885], [-683910.5517715904, -998736.9801728885], [-683911.7392715904, -998736.6676728885], [-683913.7392715904, -998735.4176728885], [-683915.3642715904, -998733.9801728885], [-683916.6142715904, -998732.3551728885], [-683917.4892715904, -998730.5426728885], [-683917.9892715904, -998728.5426728885], [-683918.7080215904, -998726.7614228885], [-683919.6455215904, -998725.1989228885], [-683920.8017715904, -998723.8551728885], [-683922.1767715904, -998722.7301728885], [-683923.2392715904, -998721.6051728885], [-683923.9892715904, -998720.4801728885], [-683924.4267715904, -998719.3551728885], [-683924.5517715904, -998718.2301728885], [-683924.8955215904, -998717.2614228885], [-683925.4580215904, -998716.4489228885], [-683926.2392715904, -998715.7926728885], [-683927.2392715904, -998715.2926728885], [-683928.0517715904, -998714.6676728885], [-683928.6767715904, -998713.9176728885], [-683929.1142715904, -998713.0426728885], [-683929.3642715904, -998712.0426728885], [-683930.3017715904, -998710.9801728885], [-683931.9267715904, -998709.8551728885], [-683934.2392715904, -998708.6676728885], [-683937.2392715904, -998707.4176728885], [-683939.7705215904, -998706.1051728885], [-683941.8330215904, -998704.7301728885], [-683943.4267715904, -998703.2926728885], [-683944.5517715904, -998701.7926728885], [-683945.2392715904, -998700.4176728885], [-683945.4892715904, -998699.1676728885], [-683945.3017715904, -998698.0426728885], [-683944.6767715904, -998697.0426728885], [-683943.2705215904, -998696.4489228885], [-683941.0830215904, -998696.2614228885], [-683938.1142715904, -998696.4801728885], [-683934.3642715904, -998697.1051728885], [-683931.2392715904, -998697.3551728885], [-683928.7392715904, -998697.2301728885], [-683926.8642715904, -998696.7301728885], [-683925.6142715904, -998695.8551728885], [-683924.5205215904, -998695.2614228885], [-683923.5830215904, -998694.9489228885], [-683922.8017715904, -998694.9176728885], [-683922.1767715904, -998695.1676728885], [-683921.9892715904, -998695.5426728885], [-683922.2392715904, -998696.0426728885], [-683922.9267715904, -998696.6676728885], [-683924.0517715904, -998697.4176728885], [-683925.0205215904, -998698.2926728885], [-683925.8330215904, -998699.2926728885], [-683926.4892715904, -998700.4176728885], [-683926.9892715904, -998701.6676728885]]]}}, {"type": "Feature", "properties": {"id": 25, "kind": "rock"}, "geometry": {"type": "Polygon", "coordinates": [[[-683959.3955215904, -998703.9801728885], [-683958.4580215904, -998705.3551728885], [-683957.1142715904, -998706.7926728885], [-683955.3642715904, -998708.2926728885], [-683954.1767715904, -998709.9801728885], [-683953.5517715904, -998711.8551728885], [-683953.4892715904, -998713.9176728885], [-683953.9892715904, -998716.1676728885], [-683954.5830215904, -998717.7614228885], [-683955.2705215904, -998718.6989228885], [-683956.0517715904, -998718.9801728885], [-683956.9267715904, -998718.6051728885], [-683957.6455215904, -998717.9489228885], [-683958.2080215904, -998717.0114228885], [-683958.6142715904, -998715.7926728885], [-683958.8642715904, -998714.2926728885], [-683959.2392715904, -998713.0739228885], [-683959.7392715904, -998712.1364228885], [-683960.3642715904, -998711.4801728885], [-683961.1142715904, -998711.1051728885], [-683961.5517715904, -998710.5114228885], [-683961.6767715904, -998709.6989228885], [-683961.4892715904, -998708.6676728885], [-683960.9892715904, -998707.4176728885], [-683960.6767715904, -998706.2926728885], [-683960.5517715904, -998705.2926728885], [-683960.6142715904, -998704.4176728885], [-683960.8642715904, -998703.6676728885], [-683961.5205215904, -998702.8239228885], [-683962.5830215904, -998701.8864228885], [-683964.0517715904, -998700.8551728885], [-683965.9267715904, -998699.7301728885], [-683967.2080215904, -998698.6676728885], [-683967.8955215904, -998697.6676728885], [-683967.9892715904, -998696.7301728885], [-683967.4892715904, -998695.8551728885], [-683966.7080215904, -998695.5114228885], [-683965.6455215904, -998695.6989228885], [-683964.3017715904, -998696.4176728885], [-683962.6767715904, -998697.6676728885], [-683961.4267715904, -998698.9176728885], [-683960.5517715904, -998700.1676728885], [-683960.0517715904, -998701.4176728885], [-683959.9267715904, -998702.6676728885], [-683959.3955215904, -998703.9801728885]]]}}, {"type": "Feature", "properties": {"id": 26, "kind": "rock"}, "geometry": {"type": "Polygon", "coordinates": [[[-683890.5205215904, -998667.9801728885], [-683890.3330215904, -998669.1051728885], [-683889.9892715904, -998670.2301728885], [-683889.4892715904, -998671.3551728885], [-683889.3642715904, -998672.1364228885], [-683889.6142715904, -998672.5739228885], [-683890.2392715904, -998672.6676728885], [-683891.2392715904, -998672.4176728885], [-683892.2080215904, -998672.3864228885], [-683893.1455215904, -998672.5739228885], [-683894.0517715904, -998672.9801728885], [-683894.9267715904, -998673.6051728885], [-683895.6142715904, -998674.2614228885], [-683896.1142715904, -998674.9489228885], [-683896.4267715904, -998675.6676728885], [-683896.5517715904, -998676.4176728885], [-683896.4892715904, -998677.1989228885], [-683896.2392715904, -998678.0114228885], [-683895.8017715904, -998678.8551728885], [-683895.1767715904, -998679.7301728885], [-683894.8017715904, -998681.0739228885], [-683894.6767715904, -998682.8864228885], [-683894.8017715904, -998685.1676728885], [-683895.1767715904, -998687.9176728885], [-683895.6455215904, -998689.8551728885], [-683896.2080215904, -998690.9801728885], [-683896.8642715904, -998691.2926728885], [-683897.6142715904, -998690.7926728885], [-683898.1767715904, -998690.0739228885], [-683898.5517715904, -998689.1364228885], [-683898.7392715904, -998687.9801728885], [-683898.7392715904, -998686.6051728885], [-683898.9892715904, -998685.4489228885], [-683899.4892715904, -998684.5114228885], [-683900.2392715904, -998683.7926728885], [-683901.2392715904, -998683.2926728885], [-683901.7705215904, -998682.7301728885], [-683901.8330215904, -998682.1051728885], [-683901.4267715904, -998681.4176728885], [-683900.5517715904, -998680.6676728885], [-683899.8642715904, -998679.6989228885], [-683899.3642715904, -998678.5114228885], [-683899.0517715904, -998677.1051728885], [-683898.9267715904, -998675.4801728885], [-683899.1455215904, -998673.9176728885], [-683899.7080215904, -998672.4176728885], [-683900.6142715904, -998670.9801728885], [-683901.8642715904, -998669.6051728885], [-683902.4580215904, -998668.4801728885], [-683902.3955215904, -998667.6051728885], [-683901.6767715904, -998666.9801728885], [-683900.3017715904, -998666.6051728885], [-683899.1142715904, -998665.9801728885], [-683898.1142715904, -998665.1051728885], [-683897.3017715904, -998663.9801728885], [-683896.6767715904, -998662.6051728885], [-683895.8642715904, -998661.7926728885], [-683894.8642715904, -998661.5426728885], [-683893.6767715904, -998661.8551728885], [-683892.3017715904, -998662.7301728885], [-683891.3017715904, -998663.6676728885], [-683890.6767715904, -998664.6676728885], [-683890.4267715904, -998665.7301728885], [-683890.5517715904, -998666.8551728885], [-683890.5205215904, -998667.9801728885]]]}}, {"type": "Feature", "properties": {"id": 27, "kind": "rock"}, "geometry": {"type": "Polygon", "coordinates": [[[-683939.4892715904, -998630.9801728885], [-683938.6767715904, -998632.0426728885], [-683937.5517715904, -998632.7926728885], [-683936.1142715904, -998633.2301728885], [-683934.3642715904, -998633.3551728885], [-683932.9580215904, -998633.7926728885], [-683931.8955215904, -998634.5426728885], [-683931.1767715904, -998635.6051728885], [-683930.8017715904, -998636.9801728885], [-683930.3017715904, -998638.1364228885], [-683929.6767715904, -998639.0739228885], [-683928.9267715904, -998639.7926728885], [-683928.0517715904, -998640.2926728885], [-683927.1767715904, -998640.6051728885], [-683926.3017715904, -998640.7301728885], [-683925.4267715904, -998640.6676728885], [-683924.5517715904, -998640.4176728885], [-683923.8017715904, -998640.0114228885], [-683923.1767715904, -998639.4489228885], [-683922.6767715904, -998638.7301728885], [-683922.3017715904, -998637.8551728885], [-683921.6455215904, -998637.1989228885], [-683920.7080215904, -998636.7614228885], [-683919.4892715904, -998636.5426728885], [-683917.9892715904, -998636.5426728885], [-683916.7080215904, -998636.2926728885], [-683915.6455215904, -998635.7926728885], [-683914.8017715904, -998635.0426728885], [-683914.1767715904, -998634.0426728885], [-683913.3642715904, -998633.3239228885], [-683912.3642715904, -998632.8864228885], [-683911.1767715904, -998632.7301728885], [-683909.8017715904, -998632.8551728885], [-683908.3955215904, -998632.8239228885], [-683906.9580215904, -998632.6364228885], [-683905.4892715904, -998632.2926728885], [-683903.9892715904, -998631.7926728885], [-683902.6455215904, -998631.6989228885], [-683901.4580215904, -998632.0114228885], [-683900.4267715904, -998632.7301728885], [-683899.5517715904, -998633.8551728885], [-683898.6767715904, -998635.5739228885], [-683897.8017715904, -998637.8864228885], [-683896.9267715904, -998640.7926728885], [-683896.0517715904, -998644.2926728885], [-683895.6767715904, -998646.9801728885], [-683895.8017715904, -998648.8551728885], [-683896.4267715904, -998649.9176728885], [-683897.5517715904, -998650.1676728885], [-683898.5830215904, -998650.6051728885], [-683899.5205215904, -998651.2301728885], [-683900.3642715904, -998652.0426728885], [-683901.1142715904, -998653.0426728885], [-683901.8330215904, -998653.6989228885], [-683902.5205215904, -998654.0114228885], [-683903.1767715904, -998653.9801728885], [-683903.8017715904, -998653.6051728885], [-683904.4267715904, -998652.9176728885], [-683905.0517715904, -998651.9176728885], [-683905.6767715904, -998650.6051728885], [-683906.3017715904, -998648.9801728885], [-683907.9267715904, -998647.8864228885], [-683910.5517715904, -998647.3239228885], [-683914.1767715904, -998647.2926728885], [-683918.8017715904, -998647.7926728885], [-683922.5205215904, -998648.0739228885], [-683925.3330215904, -998648.1364228885], [-683927.2392715904, -998647.9801728885], [-683928.2392715904, -998647.6051728885], [-683929.1455215904, -998647.0426728885], [-683929.9580215904, -998646.2926728885], [-683930.6767715904, -998645.3551728885], [-683931.3017715904, -998644.2301728885], [-683932.0830215904, -998643.2614228885], [-683933.0205215904, -998642.4489228885], [-683934.1142715904, -998641.7926728885], [-683935.3642715904, -998641.2926728885], [-683936.4580215904, -998640.9801728885], [-683937.3955215904, -998640.8551728885], [-683938.1767715904, -998640.9176728885], [-683938.8017715904, -998641.1676728885], [-683939.5205215904, -998641.1676728885], [-683940.3330215904, -998640.9176728885], [-683941.2392715904, -998640.4176728885], [-683942.2392715904, -998639.6676728885], [-683943.3017715904, -998639.3551728885], [-683944.4267715904, -998639.4801728885], [-683945.6142715904, -998640.0426728885], [-683946.8642715904, -998641.0426728885], [-683947.6767715904, -998642.2301728885], [-683948.0517715904, -998643.6051728885], [-683947.9892715904, -998645.1676728885], [-683947.4892715904, -998646.9176728885], [-683947.3017715904, -998648.3551728885], [-683947.4267715904, -998649.4801728885], [-683947.8642715904, -998650.2926728885], [-683948.6142715904, -998650.7926728885], [-683949.7080215904, -998650.6364228885], [-683951.1455215904, -998649.8239228885], [-683952.9267715904, -998648.3551728885], [-683955.0517715904, -998646.2301728885], [-683956.3642715904, -998644.0739228885], [-683956.8642715904, -998641.8864228885], [-683956.5517715904, -998639.6676728885], [-683955.4267715904, -998637.4176728885], [-683954.6455215904, -998635.5114228885], [-683954.2080215904, -998633.9489228885], [-683954.1142715904, -998632.7301728885], [-683954.3642715904, -998631.8551728885], [-683954.7705215904, -998631.0739228885], [-683955.3330215904, -998630.3864228885], [-683956.0517715904, -998629.7926728885], [-683956.9267715904, -998629.2926728885], [-683957.0205215904, -998628.6676728885], [-683956.3330215904, -998627.9176728885], [-683954.8642715904, -998627.0426728885], [-683952.6142715904, -998626.0426728885], [-683950.3955215904, -998625.4801728885], [-683948.2080215904, -998625.3551728885], [-683946.0517715904, -998625.6676728885], [-683943.9267715904, -998626.4176728885], [-683942.2080215904, -998627.3239228885], [-683940.8955215904, -998628.3864228885], [-683939.9892715904, -998629.6051728885], [-683939.4892715904, -998630.9801728885]]]}}, {"type": "Feature", "properties": {"id": 28, "kind": "rock"}, "geometry": {"type": "Polygon", "coordinates": [[[-683853.1767715904, -998453.1676728885], [-683852.5517715904, -998454.4176728885], [-683852.2392715904, -998455.7926728885], [-683852.2392715904, -998457.2926728885], [-683852.5205215904, -998458.8864228885], [-683853.0830215904, -998460.5739228885], [-683853.9267715904, -998462.3551728885], [-683855.0517715904, -998464.2301728885], [-683855.8017715904, -998465.8551728885], [-683856.1767715904, -998467.2301728885], [-683856.1767715904, -998468.3551728885], [-683855.8017715904, -998469.2301728885], [-683855.1142715904, -998469.9176728885], [-683854.1142715904, -998470.4176728885], [-683852.8017715904, -998470.7301728885], [-683851.1767715904, -998470.8551728885], [-683849.7705215904, -998470.6989228885], [-683848.5830215904, -998470.2614228885], [-683847.6142715904, -998469.5426728885], [-683846.8642715904, -998468.5426728885], [-683846.1455215904, -998468.0114228885], [-683845.4580215904, -998467.9489228885], [-683844.8017715904, -998468.3551728885], [-683844.1767715904, -998469.2301728885], [-683843.2705215904, -998470.0426728885], [-683842.0830215904, -998470.7926728885], [-683840.6142715904, -998471.4801728885], [-683838.8642715904, -998472.1051728885], [-683837.4580215904, -998472.8239228885], [-683836.3955215904, -998473.6364228885], [-683835.6767715904, -998474.5426728885], [-683835.3017715904, -998475.5426728885], [-683834.7705215904, -998476.4176728885], [-683834.0830215904, -998477.1676728885], [-683833.2392715904, -998477.7926728885], [-683832.2392715904, -998478.2926728885], [-683831.9267715904, -998478.7614228885], [-683832.3017715904, -998479.1989228885], [-683833.3642715904, -998479.6051728885], [-683835.1142715904, -998479.9801728885], [-683836.5205215904, -998480.6676728885], [-683837.5830215904, -998481.6676728885], [-683838.3017715904, -998482.9801728885], [-683838.6767715904, -998484.6051728885], [-683839.0517715904, -998485.5114228885], [-683839.4267715904, -998485.6989228885], [-683839.8017715904, -998485.1676728885], [-683840.1767715904, -998483.9176728885], [-683840.7705215904, -998482.7926728885], [-683841.5830215904, -998481.7926728885], [-683842.6142715904, -998480.9176728885], [-683843.8642715904, -998480.1676728885], [-683845.0830215904, -998479.7614228885], [-683846.2705215904, -998479.6989228885], [-683847.4267715904, -998479.9801728885], [-683848.5517715904, -998480.6051728885], [-683849.6767715904, -998480.9489228885], [-683850.8017715904, -998481.0114228885], [-683851.9267715904, -998480.7926728885], [-683853.0517715904, -998480.2926728885], [-683854.3955215904, -998479.9801728885], [-683855.9580215904, -998479.8551728885], [-683857.7392715904, -998479.9176728885], [-683859.7392715904, -998480.1676728885], [-683861.4580215904, -998480.1676728885], [-683862.8955215904, -998479.9176728885], [-683864.0517715904, -998479.4176728885], [-683864.9267715904, -998478.6676728885], [-683865.6142715904, -998477.8551728885], [-683866.1142715904, -998476.9801728885], [-683866.4267715904, -998476.0426728885], [-683866.5517715904, -998475.0426728885], [-683866.8955215904, -998474.1051728885], [-683867.4580215904, -998473.2301728885], [-683868.2392715904, -998472.4176728885], [-683869.2392715904, -998471.6676728885], [-683869.9580215904, -998470.7926728885], [-683870.3955215904, -998469.7926728885], [-683870.5517715904, -998468.6676728885], [-683870.4267715904, -998467.4176728885], [-683870.0517715904, -998466.4176728885], [-683869.4267715904, -998465.6676728885], [-683868.5517715904, -998465.1676728885], [-683867.4267715904, -998464.9176728885], [-683866.4892715904, -998464.5426728885], [-683865.7392715904, -998464.0426728885], [-683865.1767715904, -998463.4176728885], [-683864.8017715904, -998462.6676728885], [-683864.6767715904, -998461.1989228885], [-683864.8017715904, -998459.0114228885], [-683865.1767715904, -998456.1051728885], [-683865.8017715904, -998452.4801728885], [-683866.0205215904, -998449.6676728885], [-683865.8330215904, -998447.6676728885], [-683865.2392715904, -998446.4801728885], [-683864.2392715904, -998446.1051728885], [-683863.4267715904, -998446.0114228885], [-683862.8017715904, -998446.1989228885], [-683862.3642715904, -998446.6676728885], [-683862.1142715904, -998447.4176728885], [-683861.6455215904, -998448.0426728885], [-683860.9580215904, -998448.5426728885], [-683860.0517715904, -998448.9176728885], [-683858.9267715904, -998449.1676728885], [-683857.7705215904, -998449.6051728885], [-683856.5830215904, -998450.2301728885], [-683855.3642715904, -998451.0426728885], [-683854.1142715904, -998452.0426728885], [-683853.1767715904, -998453.1676728885]]]}}, {"type": "Feature", "properties": {"id": 29, "kind": "rock"}, "geometry": {"type": "Polygon", "coordinates": [[[-683988.4580215904, -998415.7926728885], [-683989.1455215904, -998416.5426728885], [-683989.6142715904, -998417.3551728885], [-683989.8642715904, -998418.2301728885], [-683989.8330215904, -998419.1364228885], [-683989.5205215904, -998420.0739228885], [-683988.9267715904, -998421.0426728885], [-683988.0517715904, -998422.0426728885], [-683987.3330215904, -998423.2926728885], [-683986.7705215904, -998424.7926728885], [-683986.3642715904, -998426.5426728885], [-683986.1142715904, -998428.5426728885], [-683985.4892715904, -998430.2301728885], [-683984.4892715904, -998431.6051728885], [-683983.1142715904, -998432.6676728885], [-683981.3642715904, -998433.4176728885], [-683980.0517715904, -998434.1676728885], [-683979.1767715904, -998434.9176728885], [-683978.7392715904, -998435.6676728885], [-683978.7392715904, -998436.4176728885], [-683978.9580215904, -998437.0739228885], [-683979.3955215904, -998437.6364228885], [-683980.0517715904, -998438.1051728885], [-683980.9267715904, -998438.4801728885], [-683981.7705215904, -998439.1051728885], [-683982.5830215904, -998439.9801728885], [-683983.3642715904, -998441.1051728885], [-683984.1142715904, -998442.4801728885], [-683984.5830215904, -998443.7926728885], [-683984.7705215904, -998445.0426728885], [-683984.6767715904, -998446.2301728885], [-683984.3017715904, -998447.3551728885], [-683983.6142715904, -998448.2301728885], [-683982.6142715904, -998448.8551728885], [-683981.3017715904, -998449.2301728885], [-683979.6767715904, -998449.3551728885], [-683978.8955215904, -998450.1364228885], [-683978.9580215904, -998451.5739228885], [-683979.8642715904, -998453.6676728885], [-683981.6142715904, -998456.4176728885], [-683982.8642715904, -998458.6989228885], [-683983.6142715904, -998460.5114228885], [-683983.8642715904, -998461.8551728885], [-683983.6142715904, -998462.7301728885], [-683983.1767715904, -998463.5114228885], [-683982.5517715904, -998464.1989228885], [-683981.7392715904, -998464.7926728885], [-683980.7392715904, -998465.2926728885], [-683980.1455215904, -998465.7926728885], [-683979.9580215904, -998466.2926728885], [-683980.1767715904, -998466.7926728885], [-683980.8017715904, -998467.2926728885], [-683981.5205215904, -998467.6051728885], [-683982.3330215904, -998467.7301728885], [-683983.2392715904, -998467.6676728885], [-683984.2392715904, -998467.4176728885], [-683985.0517715904, -998467.0426728885], [-683985.6767715904, -998466.5426728885], [-683986.1142715904, -998465.9176728885], [-683986.3642715904, -998465.1676728885], [-683986.7705215904, -998464.4801728885], [-683987.3330215904, -998463.8551728885], [-683988.0517715904, -998463.2926728885], [-683988.9267715904, -998462.7926728885], [-683989.9580215904, -998462.6364228885], [-683991.1455215904, -998462.8239228885], [-683992.4892715904, -998463.3551728885], [-683993.9892715904, -998464.2301728885], [-683995.3642715904, -998464.8239228885], [-683996.6142715904, -998465.1364228885], [-683997.7392715904, -998465.1676728885], [-683998.7392715904, -998464.9176728885], [-683999.5830215904, -998464.4176728885], [-684000.2705215904, -998463.6676728885], [-684000.8017715904, -998462.6676728885], [-684001.1767715904, -998461.4176728885], [-684001.2392715904, -998460.3864228885], [-684000.9892715904, -998459.5739228885], [-684000.4267715904, -998458.9801728885], [-683999.5517715904, -998458.6051728885], [-683998.8955215904, -998458.0114228885], [-683998.4580215904, -998457.1989228885], [-683998.2392715904, -998456.1676728885], [-683998.2392715904, -998454.9176728885], [-683997.8330215904, -998454.1676728885], [-683997.0205215904, -998453.9176728885], [-683995.8017715904, -998454.1676728885], [-683994.1767715904, -998454.9176728885], [-683992.7705215904, -998455.3864228885], [-683991.5830215904, -998455.5739228885], [-683990.6142715904, -998455.4801728885], [-683989.8642715904, -998455.1051728885], [-683989.2080215904, -998454.5114228885], [-683988.6455215904, -998453.6989228885], [-683988.1767715904, -998452.6676728885], [-683987.8017715904, -998451.4176728885], [-683987.8017715904, -998450.0114228885], [-683988.1767715904, -998448.4489228885], [-683988.9267715904, -998446.7301728885], [-683990.0517715904, -998444.8551728885], [-683991.6767715904, -998443.3239228885], [-683993.8017715904, -998442.1364228885], [-683996.4267715904, -998441.2926728885], [-683999.5517715904, -998440.7926728885], [-684001.8642715904, -998439.9801728885], [-684003.3642715904, -998438.8551728885], [-684004.0517715904, -998437.4176728885], [-684003.9267715904, -998435.6676728885], [-684004.1455215904, -998434.0739228885], [-684004.7080215904, -998432.6364228885], [-684005.6142715904, -998431.3551728885], [-684006.8642715904, -998430.2301728885], [-684007.3955215904, -998429.4801728885], [-684007.2080215904, -998429.1051728885], [-684006.3017715904, -998429.1051728885], [-684004.6767715904, -998429.4801728885], [-684003.2705215904, -998429.6676728885], [-684002.0830215904, -998429.6676728885], [-684001.1142715904, -998429.4801728885], [-684000.3642715904, -998429.1051728885], [-683999.7392715904, -998428.6051728885], [-683999.2392715904, -998427.9801728885], [-683998.8642715904, -998427.2301728885], [-683998.6142715904, -998426.3551728885], [-683998.6767715904, -998425.4489228885], [-683999.0517715904, -998424.5114228885], [-683999.7392715904, -998423.5426728885], [-684000.7392715904, -998422.5426728885], [-684001.8642715904, -998421.8551728885], [-684003.1142715904, -998421.4801728885], [-684004.4892715904, -998421.4176728885], [-684005.9892715904, -998421.6676728885], [-684007.2392715904, -998421.6364228885], [-684008.2392715904, -998421.3239228885], [-684008.9892715904, -998420.7301728885], [-684009.4892715904, -998419.8551728885], [-684009.7705215904, -998418.9489228885], [-684009.8330215904, -998418.0114228885], [-684009.6767715904, -998417.0426728885], [-684009.3017715904, -998416.0426728885], [-684008.5205215904, -998415.5426728885], [-684007.3330215904, -998415.5426728885], [-684005.7392715904, -998416.0426728885], [-684003.7392715904, -998417.0426728885], [-684001.8642715904, -998417.4489228885], [-684000.1142715904, -998417.2614228885], [-683998.4892715904, -998416.4801728885], [-683996.9892715904, -998415.1051728885], [-683995.5830215904, -998414.0114228885], [-683994.2705215904, -998413.1989228885], [-683993.0517715904, -998412.6676728885], [-683991.9267715904, -998412.4176728885], [-683990.8017715904, -998411.5739228885], [-683989.6767715904, -998410.1364228885], [-683988.5517715904, -998408.1051728885], [-683987.4267715904, -998405.4801728885], [-683986.5205215904, -998404.2614228885], [-683985.8330215904, -998404.4489228885], [-683985.3642715904, -998406.0426728885], [-683985.1142715904, -998409.0426728885], [-683985.2080215904, -998411.4489228885], [-683985.6455215904, -998413.2614228885], [-683986.4267715904, -998414.4801728885], [-683987.5517715904, -998415.1051728885], [-683988.4580215904, -998415.7926728885]]]}}, {"type": "Feature", "properties": {"id": 30, "kind": "rock"}, "geometry": {"type": "Polygon", "coordinates": [[[-683952.8017715904, -998359.4176728885], [-683954.1455215904, -998360.2301728885], [-683955.2080215904, -998361.1051728885], [-683955.9892715904, -998362.0426728885], [-683956.4892715904, -998363.0426728885], [-683956.6767715904, -998364.2301728885], [-683956.5517715904, -998365.6051728885], [-683956.1142715904, -998367.1676728885], [-683955.3642715904, -998368.9176728885], [-683954.6142715904, -998370.3551728885], [-683953.8642715904, -998371.4801728885], [-683953.1142715904, -998372.2926728885], [-683952.3642715904, -998372.7926728885], [-683951.8330215904, -998373.4176728885], [-683951.5205215904, -998374.1676728885], [-683951.4267715904, -998375.0426728885], [-683951.5517715904, -998376.0426728885], [-683951.2080215904, -998377.4801728885], [-683950.3955215904, -998379.3551728885], [-683949.1142715904, -998381.6676728885], [-683947.3642715904, -998384.4176728885], [-683945.9892715904, -998386.7926728885], [-683944.9892715904, -998388.7926728885], [-683944.3642715904, -998390.4176728885], [-683944.1142715904, -998391.6676728885], [-683944.3642715904, -998392.2926728885], [-683945.1142715904, -998392.2926728885], [-683946.3642715904, -998391.6676728885], [-683948.1142715904, -998390.4176728885], [-683949.8017715904, -998388.7614228885], [-683951.4267715904, -998386.6989228885], [-683952.9892715904, -998384.2301728885], [-683954.4892715904, -998381.3551728885], [-683956.1142715904, -998378.7301728885], [-683957.8642715904, -998376.3551728885], [-683959.7392715904, -998374.2301728885], [-683961.7392715904, -998372.3551728885], [-683963.2392715904, -998370.6989228885], [-683964.2392715904, -998369.2614228885], [-683964.7392715904, -998368.0426728885], [-683964.7392715904, -998367.0426728885], [-683964.4892715904, -998366.1051728885], [-683963.9892715904, -998365.2301728885], [-683963.2392715904, -998364.4176728885], [-683962.2392715904, -998363.6676728885], [-683961.3955215904, -998362.7926728885], [-683960.7080215904, -998361.7926728885], [-683960.1767715904, -998360.6676728885], [-683959.8017715904, -998359.4176728885], [-683958.8642715904, -998358.4801728885], [-683957.3642715904, -998357.8551728885], [-683955.3017715904, -998357.5426728885], [-683952.6767715904, -998357.5426728885], [-683951.1142715904, -998357.7301728885], [-683950.6142715904, -998358.1051728885], [-683951.1767715904, -998358.6676728885], [-683952.8017715904, -998359.4176728885]]]}}, {"type": "Feature", "properties": {"id": 31, "kind": "rock"}, "geometry": {"type": "Polygon", "coordinates": [[[-683907.4892715904, -998368.0114228885], [-683908.4892715904, -998368.9489228885], [-683909.3642715904, -998370.1051728885], [-683910.1142715904, -998371.4801728885], [-683910.4580215904, -998372.8239228885], [-683910.3955215904, -998374.1364228885], [-683909.9267715904, -998375.4176728885], [-683909.0517715904, -998376.6676728885], [-683908.7080215904, -998377.4489228885], [-683908.8955215904, -998377.7614228885], [-683909.6142715904, -998377.6051728885], [-683910.8642715904, -998376.9801728885], [-683912.0205215904, -998376.5739228885], [-683913.0830215904, -998376.3864228885], [-683914.0517715904, -998376.4176728885], [-683914.9267715904, -998376.6676728885], [-683915.6142715904, -998376.7614228885], [-683916.1142715904, -998376.6989228885], [-683916.4267715904, -998376.4801728885], [-683916.5517715904, -998376.1051728885], [-683916.4580215904, -998375.7614228885], [-683916.1455215904, -998375.4489228885], [-683915.6142715904, -998375.1676728885], [-683914.8642715904, -998374.9176728885], [-683914.2080215904, -998374.5426728885], [-683913.6455215904, -998374.0426728885], [-683913.1767715904, -998373.4176728885], [-683912.8017715904, -998372.6676728885], [-683912.6142715904, -998371.8551728885], [-683912.6142715904, -998370.9801728885], [-683912.8017715904, -998370.0426728885], [-683913.1767715904, -998369.0426728885], [-683913.1142715904, -998368.1989228885], [-683912.6142715904, -998367.5114228885], [-683911.6767715904, -998366.9801728885], [-683910.3017715904, -998366.6051728885], [-683909.1142715904, -998365.9489228885], [-683908.1142715904, -998365.0114228885], [-683907.3017715904, -998363.7926728885], [-683906.6767715904, -998362.2926728885], [-683906.0517715904, -998361.2926728885], [-683905.4267715904, -998360.7926728885], [-683904.8017715904, -998360.7926728885], [-683904.1767715904, -998361.2926728885], [-683903.7080215904, -998361.9176728885], [-683903.3955215904, -998362.6676728885], [-683903.2392715904, -998363.5426728885], [-683903.2392715904, -998364.5426728885], [-683903.5517715904, -998365.4176728885], [-683904.1767715904, -998366.1676728885], [-683905.1142715904, -998366.7926728885], [-683906.3642715904, -998367.2926728885], [-683907.4892715904, -998368.0114228885]]]}}, {"type": "Feature", "properties": {"id": 32, "kind": "rock"}, "geometry": {"type": "Polygon", "coordinates": [[[-683632.9892715904, -998880.5739228885], [-683632.2392715904, -998880.8864228885], [-683631.4267715904, -998881.0426728885], [-683630.5517715904, -998881.0426728885], [-683629.8642715904, -998881.6051728885], [-683629.3642715904, -998882.7301728885], [-683629.0517715904, -998884.4176728885], [-683628.9267715904, -998886.6676728885], [-683629.1455215904, -998888.1051728885], [-683629.7080215904, -998888.7301728885], [-683630.6142715904, -998888.5426728885], [-683631.8642715904, -998887.5426728885], [-683633.1142715904, -998886.8551728885], [-683634.3642715904, -998886.4801728885], [-683635.6142715904, -998886.4176728885], [-683636.8642715904, -998886.6676728885], [-683638.1767715904, -998886.2614228885], [-683639.5517715904, -998885.1989228885], [-683640.9892715904, -998883.4801728885], [-683642.4892715904, -998881.1051728885], [-683643.4580215904, -998879.2614228885], [-683643.8955215904, -998877.9489228885], [-683643.8017715904, -998877.1676728885], [-683643.1767715904, -998876.9176728885], [-683642.6455215904, -998876.8551728885], [-683642.2080215904, -998876.9801728885], [-683641.8642715904, -998877.2926728885], [-683641.6142715904, -998877.7926728885], [-683641.0517715904, -998878.1676728885], [-683640.1767715904, -998878.4176728885], [-683638.9892715904, -998878.5426728885], [-683637.4892715904, -998878.5426728885], [-683636.2080215904, -998878.6989228885], [-683635.1455215904, -998879.0114228885], [-683634.3017715904, -998879.4801728885], [-683633.6767715904, -998880.1051728885], [-683632.9892715904, -998880.5739228885]]]}}, {"type": "Feature", "properties": {"id": 33, "kind": "rock"}, "geometry": {"type": "Polygon", "coordinates": [[[-683833.5517715904, -998852.4801728885], [-683833.8955215904, -998852.6676728885], [-683834.4580215904, -998852.6676728885], [-683835.2392715904, -998852.4801728885], [-683836.2392715904, -998852.1051728885], [-683837.2080215904, -998851.8864228885], [-683838.1455215904, -998851.8239228885], [-683839.0517715904, -998851.9176728885], [-683839.9267715904, -998852.1676728885], [-683840.6767715904, -998852.6051728885], [-683841.3017715904, -998853.2301728885], [-683841.8017715904, -998854.0426728885], [-683842.1767715904, -998855.0426728885], [-683842.1142715904, -998856.6364228885], [-683841.6142715904, -998858.8239228885], [-683840.6767715904, -998861.6051728885], [-683839.3017715904, -998864.9801728885], [-683837.9892715904, -998867.7614228885], [-683836.7392715904, -998869.9489228885], [-683835.5517715904, -998871.5426728885], [-683834.4267715904, -998872.5426728885], [-683833.6455215904, -998873.7301728885], [-683833.2080215904, -998875.1051728885], [-683833.1142715904, -998876.6676728885], [-683833.3642715904, -998878.4176728885], [-683833.2392715904, -998879.9176728885], [-683832.7392715904, -998881.1676728885], [-683831.8642715904, -998882.1676728885], [-683830.6142715904, -998882.9176728885], [-683829.6767715904, -998883.6989228885], [-683829.0517715904, -998884.5114228885], [-683828.7392715904, -998885.3551728885], [-683828.7392715904, -998886.2301728885], [-683828.5830215904, -998887.0114228885], [-683828.2705215904, -998887.6989228885], [-683827.8017715904, -998888.2926728885], [-683827.1767715904, -998888.7926728885], [-683826.8017715904, -998889.4176728885], [-683826.6767715904, -998890.1676728885], [-683826.8017715904, -998891.0426728885], [-683827.1767715904, -998892.0426728885], [-683827.3017715904, -998893.1364228885], [-683827.1767715904, -998894.3239228885], [-683826.8017715904, -998895.6051728885], [-683826.1767715904, -998896.9801728885], [-683825.9892715904, -998898.1364228885], [-683826.2392715904, -998899.0739228885], [-683826.9267715904, -998899.7926728885], [-683828.0517715904, -998900.2926728885], [-683828.9267715904, -998900.3551728885], [-683829.5517715904, -998899.9801728885], [-683829.9267715904, -998899.1676728885], [-683830.0517715904, -998897.9176728885], [-683830.3955215904, -998896.6676728885], [-683830.9580215904, -998895.4176728885], [-683831.7392715904, -998894.1676728885], [-683832.7392715904, -998892.9176728885], [-683833.4892715904, -998891.6989228885], [-683833.9892715904, -998890.5114228885], [-683834.2392715904, -998889.3551728885], [-683834.2392715904, -998888.2301728885], [-683834.5205215904, -998887.1051728885], [-683835.0830215904, -998885.9801728885], [-683835.9267715904, -998884.8551728885], [-683837.0517715904, -998883.7301728885], [-683837.8017715904, -998882.6364228885], [-683838.1767715904, -998881.5739228885], [-683838.1767715904, -998880.5426728885], [-683837.8017715904, -998879.5426728885], [-683837.5830215904, -998878.5739228885], [-683837.5205215904, -998877.6364228885], [-683837.6142715904, -998876.7301728885], [-683837.8642715904, -998875.8551728885], [-683838.4892715904, -998874.5426728885], [-683839.4892715904, -998872.7926728885], [-683840.8642715904, -998870.6051728885], [-683842.6142715904, -998867.9801728885], [-683843.8330215904, -998865.8239228885], [-683844.5205215904, -998864.1364228885], [-683844.6767715904, -998862.9176728885], [-683844.3017715904, -998862.1676728885], [-683844.0830215904, -998861.0739228885], [-683844.0205215904, -998859.6364228885], [-683844.1142715904, -998857.8551728885], [-683844.3642715904, -998855.7301728885], [-683844.4267715904, -998853.9489228885], [-683844.3017715904, -998852.5114228885], [-683843.9892715904, -998851.4176728885], [-683843.4892715904, -998850.6676728885], [-683843.1767715904, -998849.8864228885], [-683843.0517715904, -998849.0739228885], [-683843.1142715904, -998848.2301728885], [-683843.3642715904, -998847.3551728885], [-683842.8955215904, -998847.0426728885], [-683841.7080215904, -998847.2926728885], [-683839.8017715904, -998848.1051728885], [-683837.1767715904, -998849.4801728885], [-683835.2392715904, -998850.6051728885], [-683833.9892715904, -998851.4801728885], [-683833.4267715904, -998852.1051728885], [-683833.5517715904, -998852.4801728885]]]}}, {"type": "Feature", "properties": {"id": 34, "kind": "rock"}, "geometry": {"type": "Polygon", "coordinates": [[[-683638.8017715904, -998859.5114228885], [-683637.9267715904, -998859.6989228885], [-683637.1142715904, -998859.6676728885], [-683636.3642715904, -998859.4176728885], [-683635.6455215904, -998859.6364228885], [-683634.9580215904, -998860.3239228885], [-683634.3017715904, -998861.4801728885], [-683633.6767715904, -998863.1051728885], [-683633.4892715904, -998864.3864228885], [-683633.7392715904, -998865.3239228885], [-683634.4267715904, -998865.9176728885], [-683635.5517715904, -998866.1676728885], [-683636.6142715904, -998866.6364228885], [-683637.6142715904, -998867.3239228885], [-683638.5517715904, -998868.2301728885], [-683639.4267715904, -998869.3551728885], [-683640.5205215904, -998869.8239228885], [-683641.8330215904, -998869.6364228885], [-683643.3642715904, -998868.7926728885], [-683645.1142715904, -998867.2926728885], [-683646.7705215904, -998866.4176728885], [-683648.3330215904, -998866.1676728885], [-683649.8017715904, -998866.5426728885], [-683651.1767715904, -998867.5426728885], [-683652.4580215904, -998868.2614228885], [-683653.6455215904, -998868.6989228885], [-683654.7392715904, -998868.8551728885], [-683655.7392715904, -998868.7301728885], [-683656.2705215904, -998868.4801728885], [-683656.3330215904, -998868.1051728885], [-683655.9267715904, -998867.6051728885], [-683655.0517715904, -998866.9801728885], [-683654.3017715904, -998866.2614228885], [-683653.6767715904, -998865.4489228885], [-683653.1767715904, -998864.5426728885], [-683652.8017715904, -998863.5426728885], [-683652.6142715904, -998862.5739228885], [-683652.6142715904, -998861.6364228885], [-683652.8017715904, -998860.7301728885], [-683653.1767715904, -998859.8551728885], [-683653.3642715904, -998858.8239228885], [-683653.3642715904, -998857.6364228885], [-683653.1767715904, -998856.2926728885], [-683652.8017715904, -998854.7926728885], [-683652.1455215904, -998853.5426728885], [-683651.2080215904, -998852.5426728885], [-683649.9892715904, -998851.7926728885], [-683648.4892715904, -998851.2926728885], [-683647.1767715904, -998851.0114228885], [-683646.0517715904, -998850.9489228885], [-683645.1142715904, -998851.1051728885], [-683644.3642715904, -998851.4801728885], [-683643.7392715904, -998852.1051728885], [-683643.2392715904, -998852.9801728885], [-683642.8642715904, -998854.1051728885], [-683642.6142715904, -998855.4801728885], [-683642.1767715904, -998856.6676728885], [-683641.5517715904, -998857.6676728885], [-683640.7392715904, -998858.4801728885], [-683639.7392715904, -998859.1051728885], [-683638.8017715904, -998859.5114228885]]]}}, {"type": "Feature", "properties": {"id": 35, "kind": "rock"}, "geometry": {"type": "Polygon", "coordinates": [[[-683681.9892715904, -998826.7614228885], [-683680.7392715904, -998827.1989228885], [-683679.5517715904, -998827.8551728885], [-683678.4267715904, -998828.7301728885], [-683677.3955215904, -998829.3239228885], [-683676.4580215904, -998829.6364228885], [-683675.6142715904, -998829.6676728885], [-683674.8642715904, -998829.4176728885], [-683674.1767715904, -998829.4489228885], [-683673.5517715904, -998829.7614228885], [-683672.9892715904, -998830.3551728885], [-683672.4892715904, -998831.2301728885], [-683671.7705215904, -998832.0739228885], [-683670.8330215904, -998832.8864228885], [-683669.6767715904, -998833.6676728885], [-683668.3017715904, -998834.4176728885], [-683667.1142715904, -998835.4801728885], [-683666.1142715904, -998836.8551728885], [-683665.3017715904, -998838.5426728885], [-683664.6767715904, -998840.5426728885], [-683663.9892715904, -998842.1676728885], [-683663.2392715904, -998843.4176728885], [-683662.4267715904, -998844.2926728885], [-683661.5517715904, -998844.7926728885], [-683661.1455215904, -998845.3239228885], [-683661.2080215904, -998845.8864228885], [-683661.7392715904, -998846.4801728885], [-683662.7392715904, -998847.1051728885], [-683663.5517715904, -998847.7614228885], [-683664.1767715904, -998848.4489228885], [-683664.6142715904, -998849.1676728885], [-683664.8642715904, -998849.9176728885], [-683664.8642715904, -998850.7614228885], [-683664.6142715904, -998851.6989228885], [-683664.1142715904, -998852.7301728885], [-683663.3642715904, -998853.8551728885], [-683662.8642715904, -998855.0739228885], [-683662.6142715904, -998856.3864228885], [-683662.6142715904, -998857.7926728885], [-683662.8642715904, -998859.2926728885], [-683662.8330215904, -998860.8239228885], [-683662.5205215904, -998862.3864228885], [-683661.9267715904, -998863.9801728885], [-683661.0517715904, -998865.6051728885], [-683660.5205215904, -998866.8551728885], [-683660.3330215904, -998867.7301728885], [-683660.4892715904, -998868.2301728885], [-683660.9892715904, -998868.3551728885], [-683661.6455215904, -998868.0739228885], [-683662.4580215904, -998867.3864228885], [-683663.4267715904, -998866.2926728885], [-683664.5517715904, -998864.7926728885], [-683665.4267715904, -998863.2301728885], [-683666.0517715904, -998861.6051728885], [-683666.4267715904, -998859.9176728885], [-683666.5517715904, -998858.1676728885], [-683667.2392715904, -998856.5114228885], [-683668.4892715904, -998854.9489228885], [-683670.3017715904, -998853.4801728885], [-683672.6767715904, -998852.1051728885], [-683674.3330215904, -998850.5114228885], [-683675.2705215904, -998848.6989228885], [-683675.4892715904, -998846.6676728885], [-683674.9892715904, -998844.4176728885], [-683674.7705215904, -998842.4176728885], [-683674.8330215904, -998840.6676728885], [-683675.1767715904, -998839.1676728885], [-683675.8017715904, -998837.9176728885], [-683676.9267715904, -998836.8239228885], [-683678.5517715904, -998835.8864228885], [-683680.6767715904, -998835.1051728885], [-683683.3017715904, -998834.4801728885], [-683685.7392715904, -998834.3551728885], [-683687.9892715904, -998834.7301728885], [-683690.0517715904, -998835.6051728885], [-683691.9267715904, -998836.9801728885], [-683693.8330215904, -998837.8551728885], [-683695.7705215904, -998838.2301728885], [-683697.7392715904, -998838.1051728885], [-683699.7392715904, -998837.4801728885], [-683701.5517715904, -998837.0426728885], [-683703.1767715904, -998836.7926728885], [-683704.6142715904, -998836.7301728885], [-683705.8642715904, -998836.8551728885], [-683706.9267715904, -998837.0739228885], [-683707.8017715904, -998837.3864228885], [-683708.4892715904, -998837.7926728885], [-683708.9892715904, -998838.2926728885], [-683709.6142715904, -998838.6051728885], [-683710.3642715904, -998838.7301728885], [-683711.2392715904, -998838.6676728885], [-683712.2392715904, -998838.4176728885], [-683712.9892715904, -998838.0114228885], [-683713.4892715904, -998837.4489228885], [-683713.7392715904, -998836.7301728885], [-683713.7392715904, -998835.8551728885], [-683713.5205215904, -998835.2614228885], [-683713.0830215904, -998834.9489228885], [-683712.4267715904, -998834.9176728885], [-683711.5517715904, -998835.1676728885], [-683710.4580215904, -998835.1051728885], [-683709.1455215904, -998834.7301728885], [-683707.6142715904, -998834.0426728885], [-683705.8642715904, -998833.0426728885], [-683704.5205215904, -998832.0114228885], [-683703.5830215904, -998830.9489228885], [-683703.0517715904, -998829.8551728885], [-683702.9267715904, -998828.7301728885], [-683703.0517715904, -998827.6676728885], [-683703.4267715904, -998826.6676728885], [-683704.0517715904, -998825.7301728885], [-683704.9267715904, -998824.8551728885], [-683705.1142715904, -998824.3551728885], [-683704.6142715904, -998824.2301728885], [-683703.4267715904, -998824.4801728885], [-683701.5517715904, -998825.1051728885], [-683699.8330215904, -998825.4489228885], [-683698.2705215904, -998825.5114228885], [-683696.8642715904, -998825.2926728885], [-683695.6142715904, -998824.7926728885], [-683694.5517715904, -998824.1051728885], [-683693.6767715904, -998823.2301728885], [-683692.9892715904, -998822.1676728885], [-683692.4892715904, -998820.9176728885], [-683691.8017715904, -998820.4489228885], [-683690.9267715904, -998820.7614228885], [-683689.8642715904, -998821.8551728885], [-683688.6142715904, -998823.7301728885], [-683687.3330215904, -998825.1364228885], [-683686.0205215904, -998826.0739228885], [-683684.6767715904, -998826.5426728885], [-683683.3017715904, -998826.5426728885], [-683681.9892715904, -998826.7614228885]]]}}, {"type": "Feature", "properties": {"id": 36, "kind": "rock"}, "geometry": {"type": "Polygon", "coordinates": [[[-683724.1767715904, -998792.9176728885], [-683723.6455215904, -998792.9801728885], [-683723.2080215904, -998793.3551728885], [-683722.8642715904, -998794.0426728885], [-683722.6142715904, -998795.0426728885], [-683722.2392715904, -998795.8864228885], [-683721.7392715904, -998796.5739228885], [-683721.1142715904, -998797.1051728885], [-683720.3642715904, -998797.4801728885], [-683720.0205215904, -998798.0739228885], [-683720.0830215904, -998798.8864228885], [-683720.5517715904, -998799.9176728885], [-683721.4267715904, -998801.1676728885], [-683721.7705215904, -998802.4176728885], [-683721.5830215904, -998803.6676728885], [-683720.8642715904, -998804.9176728885], [-683719.6142715904, -998806.1676728885], [-683718.8017715904, -998807.3864228885], [-683718.4267715904, -998808.5739228885], [-683718.4892715904, -998809.7301728885], [-683718.9892715904, -998810.8551728885], [-683719.0517715904, -998812.1364228885], [-683718.6767715904, -998813.5739228885], [-683717.8642715904, -998815.1676728885], [-683716.6142715904, -998816.9176728885], [-683715.9892715904, -998818.1051728885], [-683715.9892715904, -998818.7301728885], [-683716.6142715904, -998818.7926728885], [-683717.8642715904, -998818.2926728885], [-683718.9892715904, -998818.0114228885], [-683719.9892715904, -998817.9489228885], [-683720.8642715904, -998818.1051728885], [-683721.6142715904, -998818.4801728885], [-683722.2392715904, -998818.9489228885], [-683722.7392715904, -998819.5114228885], [-683723.1142715904, -998820.1676728885], [-683723.3642715904, -998820.9176728885], [-683723.4580215904, -998821.6676728885], [-683723.3955215904, -998822.4176728885], [-683723.1767715904, -998823.1676728885], [-683722.8017715904, -998823.9176728885], [-683722.1767715904, -998824.5114228885], [-683721.3017715904, -998824.9489228885], [-683720.1767715904, -998825.2301728885], [-683718.8017715904, -998825.3551728885], [-683717.8642715904, -998825.7926728885], [-683717.3642715904, -998826.5426728885], [-683717.3017715904, -998827.6051728885], [-683717.6767715904, -998828.9801728885], [-683718.3017715904, -998829.8864228885], [-683719.1767715904, -998830.3239228885], [-683720.3017715904, -998830.2926728885], [-683721.6767715904, -998829.7926728885], [-683723.0205215904, -998829.1051728885], [-683724.3330215904, -998828.2301728885], [-683725.6142715904, -998827.1676728885], [-683726.8642715904, -998825.9176728885], [-683727.8955215904, -998824.5739228885], [-683728.7080215904, -998823.1364228885], [-683729.3017715904, -998821.6051728885], [-683729.6767715904, -998819.9801728885], [-683730.2705215904, -998818.7301728885], [-683731.0830215904, -998817.8551728885], [-683732.1142715904, -998817.3551728885], [-683733.3642715904, -998817.2301728885], [-683734.8017715904, -998816.7926728885], [-683736.4267715904, -998816.0426728885], [-683738.2392715904, -998814.9801728885], [-683740.2392715904, -998813.6051728885], [-683742.6142715904, -998812.4801728885], [-683745.3642715904, -998811.6051728885], [-683748.4892715904, -998810.9801728885], [-683751.9892715904, -998810.6051728885], [-683755.0517715904, -998810.4801728885], [-683757.6767715904, -998810.6051728885], [-683759.8642715904, -998810.9801728885], [-683761.6142715904, -998811.6051728885], [-683762.5517715904, -998811.3864228885], [-683762.6767715904, -998810.3239228885], [-683761.9892715904, -998808.4176728885], [-683760.4892715904, -998805.6676728885], [-683759.4580215904, -998803.3864228885], [-683758.8955215904, -998801.5739228885], [-683758.8017715904, -998800.2301728885], [-683759.1767715904, -998799.3551728885], [-683759.7080215904, -998798.6364228885], [-683760.3955215904, -998798.0739228885], [-683761.2392715904, -998797.6676728885], [-683762.2392715904, -998797.4176728885], [-683762.8017715904, -998796.8864228885], [-683762.9267715904, -998796.0739228885], [-683762.6142715904, -998794.9801728885], [-683761.8642715904, -998793.6051728885], [-683760.3642715904, -998792.6989228885], [-683758.1142715904, -998792.2614228885], [-683755.1142715904, -998792.2926728885], [-683751.3642715904, -998792.7926728885], [-683748.4580215904, -998793.4176728885], [-683746.3955215904, -998794.1676728885], [-683745.1767715904, -998795.0426728885], [-683744.8017715904, -998796.0426728885], [-683744.0517715904, -998797.1989228885], [-683742.9267715904, -998798.5114228885], [-683741.4267715904, -998799.9801728885], [-683739.5517715904, -998801.6051728885], [-683737.7080215904, -998802.6676728885], [-683735.8955215904, -998803.1676728885], [-683734.1142715904, -998803.1051728885], [-683732.3642715904, -998802.4801728885], [-683730.9267715904, -998801.6364228885], [-683729.8017715904, -998800.5739228885], [-683728.9892715904, -998799.2926728885], [-683728.4892715904, -998797.7926728885], [-683728.2705215904, -998796.4176728885], [-683728.3330215904, -998795.1676728885], [-683728.6767715904, -998794.0426728885], [-683729.3017715904, -998793.0426728885], [-683729.4892715904, -998792.4176728885], [-683729.2392715904, -998792.1676728885], [-683728.5517715904, -998792.2926728885], [-683727.4267715904, -998792.7926728885], [-683726.4267715904, -998793.1051728885], [-683725.5517715904, -998793.2301728885], [-683724.8017715904, -998793.1676728885], [-683724.1767715904, -998792.9176728885]]]}}, {"type": "Feature", "properties": {"id": 37, "kind": "rock"}, "geometry": {"type": "Polygon", "coordinates": [[[-683861.1142715904, -998701.4176728885], [-683860.6142715904, -998703.1676728885], [-683860.4267715904, -998705.0426728885], [-683860.5517715904, -998707.0426728885], [-683860.3955215904, -998708.9176728885], [-683859.9580215904, -998710.6676728885], [-683859.2392715904, -998712.2926728885], [-683858.2392715904, -998713.7926728885], [-683857.5517715904, -998715.1676728885], [-683857.1767715904, -998716.4176728885], [-683857.1142715904, -998717.5426728885], [-683857.3642715904, -998718.5426728885], [-683857.4580215904, -998719.5114228885], [-683857.3955215904, -998720.4489228885], [-683857.1767715904, -998721.3551728885], [-683856.8017715904, -998722.2301728885], [-683856.0517715904, -998722.9801728885], [-683854.9267715904, -998723.6051728885], [-683853.4267715904, -998724.1051728885], [-683851.5517715904, -998724.4801728885], [-683850.0830215904, -998724.9489228885], [-683849.0205215904, -998725.5114228885], [-683848.3642715904, -998726.1676728885], [-683848.1142715904, -998726.9176728885], [-683847.6142715904, -998727.6676728885], [-683846.8642715904, -998728.4176728885], [-683845.8642715904, -998729.1676728885], [-683844.6142715904, -998729.9176728885], [-683843.1142715904, -998731.1364228885], [-683841.3642715904, -998732.8239228885], [-683839.3642715904, -998734.9801728885], [-683837.1142715904, -998737.6051728885], [-683835.0830215904, -998739.5739228885], [-683833.2705215904, -998740.8864228885], [-683831.6767715904, -998741.5426728885], [-683830.3017715904, -998741.5426728885], [-683829.1142715904, -998741.9801728885], [-683828.1142715904, -998742.8551728885], [-683827.3017715904, -998744.1676728885], [-683826.6767715904, -998745.9176728885], [-683826.0205215904, -998747.2926728885], [-683825.3330215904, -998748.2926728885], [-683824.6142715904, -998748.9176728885], [-683823.8642715904, -998749.1676728885], [-683823.0830215904, -998749.2614228885], [-683822.2705215904, -998749.1989228885], [-683821.4267715904, -998748.9801728885], [-683820.5517715904, -998748.6051728885], [-683819.8642715904, -998748.4801728885], [-683819.3642715904, -998748.6051728885], [-683819.0517715904, -998748.9801728885], [-683818.9267715904, -998749.6051728885], [-683818.6455215904, -998750.1676728885], [-683818.2080215904, -998750.6676728885], [-683817.6142715904, -998751.1051728885], [-683816.8642715904, -998751.4801728885], [-683815.9267715904, -998751.6364228885], [-683814.8017715904, -998751.5739228885], [-683813.4892715904, -998751.2926728885], [-683811.9892715904, -998750.7926728885], [-683810.6455215904, -998750.6676728885], [-683809.4580215904, -998750.9176728885], [-683808.4267715904, -998751.5426728885], [-683807.5517715904, -998752.5426728885], [-683806.6142715904, -998753.2614228885], [-683805.6142715904, -998753.6989228885], [-683804.5517715904, -998753.8551728885], [-683803.4267715904, -998753.7301728885], [-683802.3955215904, -998753.2926728885], [-683801.4580215904, -998752.5426728885], [-683800.6142715904, -998751.4801728885], [-683799.8642715904, -998750.1051728885], [-683799.8955215904, -998748.5114228885], [-683800.7080215904, -998746.6989228885], [-683802.3017715904, -998744.6676728885], [-683804.6767715904, -998742.4176728885], [-683806.3955215904, -998740.6051728885], [-683807.4580215904, -998739.2301728885], [-683807.8642715904, -998738.2926728885], [-683807.6142715904, -998737.7926728885], [-683807.1142715904, -998737.6989228885], [-683806.3642715904, -998738.0114228885], [-683805.3642715904, -998738.7301728885], [-683804.1142715904, -998739.8551728885], [-683802.8330215904, -998740.7926728885], [-683801.5205215904, -998741.5426728885], [-683800.1767715904, -998742.1051728885], [-683798.8017715904, -998742.4801728885], [-683797.6142715904, -998743.1364228885], [-683796.6142715904, -998744.0739228885], [-683795.8017715904, -998745.2926728885], [-683795.1767715904, -998746.7926728885], [-683794.3642715904, -998747.8239228885], [-683793.3642715904, -998748.3864228885], [-683792.1767715904, -998748.4801728885], [-683790.8017715904, -998748.1051728885], [-683789.6455215904, -998748.0426728885], [-683788.7080215904, -998748.2926728885], [-683787.9892715904, -998748.8551728885], [-683787.4892715904, -998749.7301728885], [-683786.8642715904, -998750.4801728885], [-683786.1142715904, -998751.1051728885], [-683785.2392715904, -998751.6051728885], [-683784.2392715904, -998751.9801728885], [-683783.1767715904, -998752.0426728885], [-683782.0517715904, -998751.7926728885], [-683780.8642715904, -998751.2301728885], [-683779.6142715904, -998750.3551728885], [-683778.2705215904, -998749.6989228885], [-683776.8330215904, -998749.2614228885], [-683775.3017715904, -998749.0426728885], [-683773.6767715904, -998749.0426728885], [-683772.4580215904, -998749.1676728885], [-683771.6455215904, -998749.4176728885], [-683771.2392715904, -998749.7926728885], [-683771.2392715904, -998750.2926728885], [-683771.5830215904, -998750.6676728885], [-683772.2705215904, -998750.9176728885], [-683773.3017715904, -998751.0426728885], [-683774.6767715904, -998751.0426728885], [-683775.8642715904, -998751.3551728885], [-683776.8642715904, -998751.9801728885], [-683777.6767715904, -998752.9176728885], [-683778.3017715904, -998754.1676728885], [-683778.7080215904, -998755.3239228885], [-683778.8955215904, -998756.3864228885], [-683778.8642715904, -998757.3551728885], [-683778.6142715904, -998758.2301728885], [-683778.0517715904, -998759.0114228885], [-683777.1767715904, -998759.6989228885], [-683775.9892715904, -998760.2926728885], [-683774.4892715904, -998760.7926728885], [-683773.0830215904, -998761.5739228885], [-683771.7705215904, -998762.6364228885], [-683770.5517715904, -998763.9801728885], [-683769.4267715904, -998765.6051728885], [-683769.1142715904, -998766.9801728885], [-683769.6142715904, -998768.1051728885], [-683770.9267715904, -998768.9801728885], [-683773.0517715904, -998769.6051728885], [-683774.7705215904, -998770.3239228885], [-683776.0830215904, -998771.1364228885], [-683776.9892715904, -998772.0426728885], [-683777.4892715904, -998773.0426728885], [-683777.8330215904, -998774.0739228885], [-683778.0205215904, -998775.1364228885], [-683778.0517715904, -998776.2301728885], [-683777.9267715904, -998777.3551728885], [-683777.5205215904, -998778.4176728885], [-683776.8330215904, -998779.4176728885], [-683775.8642715904, -998780.3551728885], [-683774.6142715904, -998781.2301728885], [-683773.8955215904, -998781.9489228885], [-683773.7080215904, -998782.5114228885], [-683774.0517715904, -998782.9176728885], [-683774.9267715904, -998783.1676728885], [-683775.6767715904, -998783.1676728885], [-683776.3017715904, -998782.9176728885], [-683776.8017715904, -998782.4176728885], [-683777.1767715904, -998781.6676728885], [-683777.6455215904, -998781.0426728885], [-683778.2080215904, -998780.5426728885], [-683778.8642715904, -998780.1676728885], [-683779.6142715904, -998779.9176728885], [-683780.5205215904, -998779.8864228885], [-683781.5830215904, -998780.0739228885], [-683782.8017715904, -998780.4801728885], [-683784.1767715904, -998781.1051728885], [-683785.3955215904, -998781.8551728885], [-683786.4580215904, -998782.7301728885], [-683787.3642715904, -998783.7301728885], [-683788.1142715904, -998784.8551728885], [-683788.5205215904, -998785.9489228885], [-683788.5830215904, -998787.0114228885], [-683788.3017715904, -998788.0426728885], [-683787.6767715904, -998789.0426728885], [-683786.3642715904, -998789.8864228885], [-683784.3642715904, -998790.5739228885], [-683781.6767715904, -998791.1051728885], [-683778.3017715904, -998791.4801728885], [-683775.8642715904, -998792.1051728885], [-683774.3642715904, -998792.9801728885], [-683773.8017715904, -998794.1051728885], [-683774.1767715904, -998795.4801728885], [-683774.3330215904, -998796.9176728885], [-683774.2705215904, -998798.4176728885], [-683773.9892715904, -998799.9801728885], [-683773.4892715904, -998801.6051728885], [-683773.8017715904, -998802.7926728885], [-683774.9267715904, -998803.5426728885], [-683776.8642715904, -998803.8551728885], [-683779.6142715904, -998803.7301728885], [-683781.7080215904, -998803.1989228885], [-683783.1455215904, -998802.2614228885], [-683783.9267715904, -998800.9176728885], [-683784.0517715904, -998799.1676728885], [-683784.7705215904, -998797.4176728885], [-683786.0830215904, -998795.6676728885], [-683787.9892715904, -998793.9176728885], [-683790.4892715904, -998792.1676728885], [-683792.3955215904, -998790.4176728885], [-683793.7080215904, -998788.6676728885], [-683794.4267715904, -998786.9176728885], [-683794.5517715904, -998785.1676728885], [-683794.3955215904, -998783.4801728885], [-683793.9580215904, -998781.8551728885], [-683793.2392715904, -998780.2926728885], [-683792.2392715904, -998778.7926728885], [-683791.8017715904, -998777.1051728885], [-683791.9267715904, -998775.2301728885], [-683792.6142715904, -998773.1676728885], [-683793.8642715904, -998770.9176728885], [-683795.4892715904, -998769.0739228885], [-683797.4892715904, -998767.6364228885], [-683799.8642715904, -998766.6051728885], [-683802.6142715904, -998765.9801728885], [-683805.2705215904, -998765.7614228885], [-683807.8330215904, -998765.9489228885], [-683810.3017715904, -998766.5426728885], [-683812.6767715904, -998767.5426728885], [-683814.6455215904, -998768.1364228885], [-683816.2080215904, -998768.3239228885], [-683817.3642715904, -998768.1051728885], [-683818.1142715904, -998767.4801728885], [-683819.1142715904, -998766.9176728885], [-683820.3642715904, -998766.4176728885], [-683821.8642715904, -998765.9801728885], [-683823.6142715904, -998765.6051728885], [-683825.1455215904, -998765.0739228885], [-683826.4580215904, -998764.3864228885], [-683827.5517715904, -998763.5426728885], [-683828.4267715904, -998762.5426728885], [-683829.4580215904, -998761.6364228885], [-683830.6455215904, -998760.8239228885], [-683831.9892715904, -998760.1051728885], [-683833.4892715904, -998759.4801728885], [-683834.8955215904, -998758.6051728885], [-683836.2080215904, -998757.4801728885], [-683837.4267715904, -998756.1051728885], [-683838.5517715904, -998754.4801728885], [-683839.8642715904, -998753.2301728885], [-683841.3642715904, -998752.3551728885], [-683843.0517715904, -998751.8551728885], [-683844.9267715904, -998751.7301728885], [-683846.6142715904, -998751.4176728885], [-683848.1142715904, -998750.9176728885], [-683849.4267715904, -998750.2301728885], [-683850.5517715904, -998749.3551728885], [-683851.2080215904, -998748.2301728885], [-683851.3955215904, -998746.8551728885], [-683851.1142715904, -998745.2301728885], [-683850.3642715904, -998743.3551728885], [-683849.8642715904, -998741.7301728885], [-683849.6142715904, -998740.3551728885], [-683849.6142715904, -998739.2301728885], [-683849.8642715904, -998738.3551728885], [-683850.6142715904, -998737.6051728885], [-683851.8642715904, -998736.9801728885], [-683853.6142715904, -998736.4801728885], [-683855.8642715904, -998736.1051728885], [-683857.7705215904, -998735.6676728885], [-683859.3330215904, -998735.1676728885], [-683860.5517715904, -998734.6051728885], [-683861.4267715904, -998733.9801728885], [-683862.1455215904, -998733.1676728885], [-683862.7080215904, -998732.1676728885], [-683863.1142715904, -998730.9801728885], [-683863.3642715904, -998729.6051728885], [-683863.8955215904, -998728.3551728885], [-683864.7080215904, -998727.2301728885], [-683865.8017715904, -998726.2301728885], [-683867.1767715904, -998725.3551728885], [-683868.1142715904, -998724.4176728885], [-683868.6142715904, -998723.4176728885], [-683868.6767715904, -998722.3551728885], [-683868.3017715904, -998721.2301728885], [-683868.0830215904, -998720.1364228885], [-683868.0205215904, -998719.0739228885], [-683868.1142715904, -998718.0426728885], [-683868.3642715904, -998717.0426728885], [-683868.7392715904, -998716.1989228885], [-683869.2392715904, -998715.5114228885], [-683869.8642715904, -998714.9801728885], [-683870.6142715904, -998714.6051728885], [-683871.4892715904, -998713.8551728885], [-683872.4892715904, -998712.7301728885], [-683873.6142715904, -998711.2301728885], [-683874.8642715904, -998709.3551728885], [-683875.9892715904, -998707.8864228885], [-683876.9892715904, -998706.8239228885], [-683877.8642715904, -998706.1676728885], [-683878.6142715904, -998705.9176728885], [-683879.3955215904, -998705.8239228885], [-683880.2080215904, -998705.8864228885], [-683881.0517715904, -998706.1051728885], [-683881.9267715904, -998706.4801728885], [-683882.8955215904, -998706.4489228885], [-683883.9580215904, -998706.0114228885], [-683885.1142715904, -998705.1676728885], [-683886.3642715904, -998703.9176728885], [-683887.9892715904, -998703.1676728885], [-683889.9892715904, -998702.9176728885], [-683892.3642715904, -998703.1676728885], [-683895.1142715904, -998703.9176728885], [-683897.2392715904, -998704.1989228885], [-683898.7392715904, -998704.0114228885], [-683899.6142715904, -998703.3551728885], [-683899.8642715904, -998702.2301728885], [-683900.1767715904, -998701.3239228885], [-683900.5517715904, -998700.6364228885], [-683900.9892715904, -998700.1676728885], [-683901.4892715904, -998699.9176728885], [-683901.8330215904, -998699.6051728885], [-683902.0205215904, -998699.2301728885], [-683902.0517715904, -998698.7926728885], [-683901.9267715904, -998698.2926728885], [-683901.5830215904, -998698.1051728885], [-683901.0205215904, -998698.2301728885], [-683900.2392715904, -998698.6676728885], [-683899.2392715904, -998699.4176728885], [-683898.1142715904, -998699.8864228885], [-683896.8642715904, -998700.0739228885], [-683895.4892715904, -998699.9801728885], [-683893.9892715904, -998699.6051728885], [-683892.5517715904, -998699.1051728885], [-683891.1767715904, -998698.4801728885], [-683889.8642715904, -998697.7301728885], [-683888.6142715904, -998696.8551728885], [-683887.3955215904, -998696.1676728885], [-683886.2080215904, -998695.6676728885], [-683885.0517715904, -998695.3551728885], [-683883.9267715904, -998695.2301728885], [-683882.9580215904, -998694.8551728885], [-683882.1455215904, -998694.2301728885], [-683881.4892715904, -998693.3551728885], [-683880.9892715904, -998692.2301728885], [-683879.8642715904, -998691.5426728885], [-683878.1142715904, -998691.2926728885], [-683875.7392715904, -998691.4801728885], [-683872.7392715904, -998692.1051728885], [-683870.3017715904, -998692.4801728885], [-683868.4267715904, -998692.6051728885], [-683867.1142715904, -998692.4801728885], [-683866.3642715904, -998692.1051728885], [-683865.7080215904, -998691.4176728885], [-683865.1455215904, -998690.4176728885], [-683864.6767715904, -998689.1051728885], [-683864.3017715904, -998687.4801728885], [-683863.8642715904, -998686.2614228885], [-683863.3642715904, -998685.4489228885], [-683862.8017715904, -998685.0426728885], [-683862.1767715904, -998685.0426728885], [-683861.9267715904, -998685.7301728885], [-683862.0517715904, -998687.1051728885], [-683862.5517715904, -998689.1676728885], [-683863.4267715904, -998691.9176728885], [-683863.8017715904, -998694.3551728885], [-683863.6767715904, -998696.4801728885], [-683863.0517715904, -998698.2926728885], [-683861.9267715904, -998699.7926728885], [-683861.1142715904, -998701.4176728885]]]}}, {"type": "Feature", "properties": {"id": 38, "kind": "rock"}, "geometry": {"type": "Polygon", "coordinates": [[[-683650.5517715904, -998616.1989228885], [-683649.4267715904, -998616.5114228885], [-683648.6767715904, -998617.2301728885], [-683648.3017715904, -998618.3551728885], [-683647.8642715904, -998619.2926728885], [-683647.3642715904, -998620.0426728885], [-683646.8017715904, -998620.6051728885], [-683646.1767715904, -998620.9801728885], [-683645.8017715904, -998621.6364228885], [-683645.6767715904, -998622.5739228885], [-683645.8017715904, -998623.7926728885], [-683646.1767715904, -998625.2926728885], [-683646.3330215904, -998626.7301728885], [-683646.2705215904, -998628.1051728885], [-683645.9892715904, -998629.4176728885], [-683645.4892715904, -998630.6676728885], [-683644.8017715904, -998632.0114228885], [-683643.9267715904, -998633.4489228885], [-683642.8642715904, -998634.9801728885], [-683641.6142715904, -998636.6051728885], [-683640.3330215904, -998637.8864228885], [-683639.0205215904, -998638.8239228885], [-683637.6767715904, -998639.4176728885], [-683636.3017715904, -998639.6676728885], [-683635.3330215904, -998640.0426728885], [-683634.7705215904, -998640.5426728885], [-683634.6142715904, -998641.1676728885], [-683634.8642715904, -998641.9176728885], [-683634.9580215904, -998642.6676728885], [-683634.8955215904, -998643.4176728885], [-683634.6767715904, -998644.1676728885], [-683634.3017715904, -998644.9176728885], [-683633.7080215904, -998645.5426728885], [-683632.8955215904, -998646.0426728885], [-683631.8642715904, -998646.4176728885], [-683630.6142715904, -998646.6676728885], [-683629.6767715904, -998647.4176728885], [-683629.0517715904, -998648.6676728885], [-683628.7392715904, -998650.4176728885], [-683628.7392715904, -998652.6676728885], [-683629.0517715904, -998653.9489228885], [-683629.6767715904, -998654.2614228885], [-683630.6142715904, -998653.6051728885], [-683631.8642715904, -998651.9801728885], [-683633.0517715904, -998650.7301728885], [-683634.1767715904, -998649.8551728885], [-683635.2392715904, -998649.3551728885], [-683636.2392715904, -998649.2301728885], [-683637.3017715904, -998648.6989228885], [-683638.4267715904, -998647.7614228885], [-683639.6142715904, -998646.4176728885], [-683640.8642715904, -998644.6676728885], [-683642.3330215904, -998643.1051728885], [-683644.0205215904, -998641.7301728885], [-683645.9267715904, -998640.5426728885], [-683648.0517715904, -998639.5426728885], [-683650.3330215904, -998639.0739228885], [-683652.7705215904, -998639.1364228885], [-683655.3642715904, -998639.7301728885], [-683658.1142715904, -998640.8551728885], [-683660.3330215904, -998641.8864228885], [-683662.0205215904, -998642.8239228885], [-683663.1767715904, -998643.6676728885], [-683663.8017715904, -998644.4176728885], [-683664.3642715904, -998645.8864228885], [-683664.8642715904, -998648.0739228885], [-683665.3017715904, -998650.9801728885], [-683665.6767715904, -998654.6051728885], [-683666.2080215904, -998657.5114228885], [-683666.8955215904, -998659.6989228885], [-683667.7392715904, -998661.1676728885], [-683668.7392715904, -998661.9176728885], [-683669.8642715904, -998662.3551728885], [-683671.1142715904, -998662.4801728885], [-683672.4892715904, -998662.2926728885], [-683673.9892715904, -998661.7926728885], [-683675.2080215904, -998661.1364228885], [-683676.1455215904, -998660.3239228885], [-683676.8017715904, -998659.3551728885], [-683677.1767715904, -998658.2301728885], [-683677.7705215904, -998657.1676728885], [-683678.5830215904, -998656.1676728885], [-683679.6142715904, -998655.2301728885], [-683680.8642715904, -998654.3551728885], [-683682.2705215904, -998653.9176728885], [-683683.8330215904, -998653.9176728885], [-683685.5517715904, -998654.3551728885], [-683687.4267715904, -998655.2301728885], [-683689.2705215904, -998655.6989228885], [-683691.0830215904, -998655.7614228885], [-683692.8642715904, -998655.4176728885], [-683694.6142715904, -998654.6676728885], [-683696.3330215904, -998654.2926728885], [-683698.0205215904, -998654.2926728885], [-683699.6767715904, -998654.6676728885], [-683701.3017715904, -998655.4176728885], [-683702.6455215904, -998655.8239228885], [-683703.7080215904, -998655.8864228885], [-683704.4892715904, -998655.6051728885], [-683704.9892715904, -998654.9801728885], [-683705.6455215904, -998654.4489228885], [-683706.4580215904, -998654.0114228885], [-683707.4267715904, -998653.6676728885], [-683708.5517715904, -998653.4176728885], [-683709.6767715904, -998653.3551728885], [-683710.8017715904, -998653.4801728885], [-683711.9267715904, -998653.7926728885], [-683713.0517715904, -998654.2926728885], [-683713.9580215904, -998655.0114228885], [-683714.6455215904, -998655.9489228885], [-683715.1142715904, -998657.1051728885], [-683715.3642715904, -998658.4801728885], [-683715.3017715904, -998659.8864228885], [-683714.9267715904, -998661.3239228885], [-683714.2392715904, -998662.7926728885], [-683713.2392715904, -998664.2926728885], [-683711.9267715904, -998665.6989228885], [-683710.3017715904, -998667.0114228885], [-683708.3642715904, -998668.2301728885], [-683706.1142715904, -998669.3551728885], [-683704.2080215904, -998670.1364228885], [-683702.6455215904, -998670.5739228885], [-683701.4267715904, -998670.6676728885], [-683700.5517715904, -998670.4176728885], [-683699.7705215904, -998670.4801728885], [-683699.0830215904, -998670.8551728885], [-683698.4892715904, -998671.5426728885], [-683697.9892715904, -998672.5426728885], [-683697.3330215904, -998673.4801728885], [-683696.5205215904, -998674.3551728885], [-683695.5517715904, -998675.1676728885], [-683694.4267715904, -998675.9176728885], [-683692.9267715904, -998676.3239228885], [-683691.0517715904, -998676.3864228885], [-683688.8017715904, -998676.1051728885], [-683686.1767715904, -998675.4801728885], [-683684.0205215904, -998675.1051728885], [-683682.3330215904, -998674.9801728885], [-683681.1142715904, -998675.1051728885], [-683680.3642715904, -998675.4801728885], [-683679.5830215904, -998676.1364228885], [-683678.7705215904, -998677.0739228885], [-683677.9267715904, -998678.2926728885], [-683677.0517715904, -998679.7926728885], [-683676.0517715904, -998680.9801728885], [-683674.9267715904, -998681.8551728885], [-683673.6767715904, -998682.4176728885], [-683672.3017715904, -998682.6676728885], [-683671.6767715904, -998683.6989228885], [-683671.8017715904, -998685.5114228885], [-683672.6767715904, -998688.1051728885], [-683674.3017715904, -998691.4801728885], [-683675.3642715904, -998694.4176728885], [-683675.8642715904, -998696.9176728885], [-683675.8017715904, -998698.9801728885], [-683675.1767715904, -998700.6051728885], [-683674.4267715904, -998701.9489228885], [-683673.5517715904, -998703.0114228885], [-683672.5517715904, -998703.7926728885], [-683671.4267715904, -998704.2926728885], [-683670.3955215904, -998705.0114228885], [-683669.4580215904, -998705.9489228885], [-683668.6142715904, -998707.1051728885], [-683667.8642715904, -998708.4801728885], [-683666.9580215904, -998709.5426728885], [-683665.8955215904, -998710.2926728885], [-683664.6767715904, -998710.7301728885], [-683663.3017715904, -998710.8551728885], [-683662.0517715904, -998710.7301728885], [-683660.9267715904, -998710.3551728885], [-683659.9267715904, -998709.7301728885], [-683659.0517715904, -998708.8551728885], [-683658.0517715904, -998708.1051728885], [-683656.9267715904, -998707.4801728885], [-683655.6767715904, -998706.9801728885], [-683654.3017715904, -998706.6051728885], [-683653.1142715904, -998706.1051728885], [-683652.1142715904, -998705.4801728885], [-683651.3017715904, -998704.7301728885], [-683650.6767715904, -998703.8551728885], [-683650.1142715904, -998703.2614228885], [-683649.6142715904, -998702.9489228885], [-683649.1767715904, -998702.9176728885], [-683648.8017715904, -998703.1676728885], [-683648.6455215904, -998703.6051728885], [-683648.7080215904, -998704.2301728885], [-683648.9892715904, -998705.0426728885], [-683649.4892715904, -998706.0426728885], [-683649.8017715904, -998706.9801728885], [-683649.9267715904, -998707.8551728885], [-683649.8642715904, -998708.6676728885], [-683649.6142715904, -998709.4176728885], [-683649.2392715904, -998710.0739228885], [-683648.7392715904, -998710.6364228885], [-683648.1142715904, -998711.1051728885], [-683647.3642715904, -998711.4801728885], [-683646.6142715904, -998711.6989228885], [-683645.8642715904, -998711.7614228885], [-683645.1142715904, -998711.6676728885], [-683644.3642715904, -998711.4176728885], [-683643.7705215904, -998711.3239228885], [-683643.3330215904, -998711.3864228885], [-683643.0517715904, -998711.6051728885], [-683642.9267715904, -998711.9801728885], [-683643.3330215904, -998712.9489228885], [-683644.2705215904, -998714.5114228885], [-683645.7392715904, -998716.6676728885], [-683647.7392715904, -998719.4176728885], [-683649.3017715904, -998721.8551728885], [-683650.4267715904, -998723.9801728885], [-683651.1142715904, -998725.7926728885], [-683651.3642715904, -998727.2926728885], [-683651.4580215904, -998728.6051728885], [-683651.3955215904, -998729.7301728885], [-683651.1767715904, -998730.6676728885], [-683650.8017715904, -998731.4176728885], [-683649.8955215904, -998732.4489228885], [-683648.4580215904, -998733.7614228885], [-683646.4892715904, -998735.3551728885], [-683643.9892715904, -998737.2301728885], [-683641.4580215904, -998738.7614228885], [-683638.8955215904, -998739.9489228885], [-683636.3017715904, -998740.7926728885], [-683633.6767715904, -998741.2926728885], [-683631.6455215904, -998742.6989228885], [-683630.2080215904, -998745.0114228885], [-683629.3642715904, -998748.2301728885], [-683629.1142715904, -998752.3551728885], [-683629.1142715904, -998755.9176728885], [-683629.3642715904, -998758.9176728885], [-683629.8642715904, -998761.3551728885], [-683630.6142715904, -998763.2301728885], [-683631.0517715904, -998764.9489228885], [-683631.1767715904, -998766.5114228885], [-683630.9892715904, -998767.9176728885], [-683630.4892715904, -998769.1676728885], [-683630.5205215904, -998770.1364228885], [-683631.0830215904, -998770.8239228885], [-683632.1767715904, -998771.2301728885], [-683633.8017715904, -998771.3551728885], [-683635.1455215904, -998771.3551728885], [-683636.2080215904, -998771.2301728885], [-683636.9892715904, -998770.9801728885], [-683637.4892715904, -998770.6051728885], [-683637.8955215904, -998769.9489228885], [-683638.2080215904, -998769.0114228885], [-683638.4267715904, -998767.7926728885], [-683638.5517715904, -998766.2926728885], [-683639.0205215904, -998765.0739228885], [-683639.8330215904, -998764.1364228885], [-683640.9892715904, -998763.4801728885], [-683642.4892715904, -998763.1051728885], [-683643.3642715904, -998762.5426728885], [-683643.6142715904, -998761.7926728885], [-683643.2392715904, -998760.8551728885], [-683642.2392715904, -998759.7301728885], [-683641.6767715904, -998758.3864228885], [-683641.5517715904, -998756.8239228885], [-683641.8642715904, -998755.0426728885], [-683642.6142715904, -998753.0426728885], [-683643.3955215904, -998751.4489228885], [-683644.2080215904, -998750.2614228885], [-683645.0517715904, -998749.4801728885], [-683645.9267715904, -998749.1051728885], [-683646.8642715904, -998749.0114228885], [-683647.8642715904, -998749.1989228885], [-683648.9267715904, -998749.6676728885], [-683650.0517715904, -998750.4176728885], [-683651.1767715904, -998750.4176728885], [-683652.3017715904, -998749.6676728885], [-683653.4267715904, -998748.1676728885], [-683654.5517715904, -998745.9176728885], [-683655.3955215904, -998743.7301728885], [-683655.9580215904, -998741.6051728885], [-683656.2392715904, -998739.5426728885], [-683656.2392715904, -998737.5426728885], [-683656.6142715904, -998735.8551728885], [-683657.3642715904, -998734.4801728885], [-683658.4892715904, -998733.4176728885], [-683659.9892715904, -998732.6676728885], [-683661.3642715904, -998731.6676728885], [-683662.6142715904, -998730.4176728885], [-683663.7392715904, -998728.9176728885], [-683664.7392715904, -998727.1676728885], [-683665.8330215904, -998725.8551728885], [-683667.0205215904, -998724.9801728885], [-683668.3017715904, -998724.5426728885], [-683669.6767715904, -998724.5426728885], [-683671.1142715904, -998724.0426728885], [-683672.6142715904, -998723.0426728885], [-683674.1767715904, -998721.5426728885], [-683675.8017715904, -998719.5426728885], [-683677.0830215904, -998717.4176728885], [-683678.0205215904, -998715.1676728885], [-683678.6142715904, -998712.7926728885], [-683678.8642715904, -998710.2926728885], [-683679.3642715904, -998708.1989228885], [-683680.1142715904, -998706.5114228885], [-683681.1142715904, -998705.2301728885], [-683682.3642715904, -998704.3551728885], [-683683.3642715904, -998703.3239228885], [-683684.1142715904, -998702.1364228885], [-683684.6142715904, -998700.7926728885], [-683684.8642715904, -998699.2926728885], [-683685.2392715904, -998697.9489228885], [-683685.7392715904, -998696.7614228885], [-683686.3642715904, -998695.7301728885], [-683687.1142715904, -998694.8551728885], [-683687.6142715904, -998694.1051728885], [-683687.8642715904, -998693.4801728885], [-683687.8642715904, -998692.9801728885], [-683687.6142715904, -998692.6051728885], [-683687.2080215904, -998692.4489228885], [-683686.6455215904, -998692.5114228885], [-683685.9267715904, -998692.7926728885], [-683685.0517715904, -998693.2926728885], [-683683.9892715904, -998693.4489228885], [-683682.7392715904, -998693.2614228885], [-683681.3017715904, -998692.7301728885], [-683679.6767715904, -998691.8551728885], [-683678.3955215904, -998690.8551728885], [-683677.4580215904, -998689.7301728885], [-683676.8642715904, -998688.4801728885], [-683676.6142715904, -998687.1051728885], [-683676.5205215904, -998685.8864228885], [-683676.5830215904, -998684.8239228885], [-683676.8017715904, -998683.9176728885], [-683677.1767715904, -998683.1676728885], [-683677.8017715904, -998682.4489228885], [-683678.6767715904, -998681.7614228885], [-683679.8017715904, -998681.1051728885], [-683681.1767715904, -998680.4801728885], [-683682.4267715904, -998680.1676728885], [-683683.5517715904, -998680.1676728885], [-683684.5517715904, -998680.4801728885], [-683685.4267715904, -998681.1051728885], [-683686.1455215904, -998682.0426728885], [-683686.7080215904, -998683.2926728885], [-683687.1142715904, -998684.8551728885], [-683687.3642715904, -998686.7301728885], [-683687.9892715904, -998687.9176728885], [-683688.9892715904, -998688.4176728885], [-683690.3642715904, -998688.2301728885], [-683692.1142715904, -998687.3551728885], [-683693.7080215904, -998686.8864228885], [-683695.1455215904, -998686.8239228885], [-683696.4267715904, -998687.1676728885], [-683697.5517715904, -998687.9176728885], [-683698.6455215904, -998688.2614228885], [-683699.7080215904, -998688.1989228885], [-683700.7392715904, -998687.7301728885], [-683701.7392715904, -998686.8551728885], [-683702.7705215904, -998686.3864228885], [-683703.8330215904, -998686.3239228885], [-683704.9267715904, -998686.6676728885], [-683706.0517715904, -998687.4176728885], [-683707.3642715904, -998687.5114228885], [-683708.8642715904, -998686.9489228885], [-683710.5517715904, -998685.7301728885], [-683712.4267715904, -998683.8551728885], [-683714.1142715904, -998682.3864228885], [-683715.6142715904, -998681.3239228885], [-683716.9267715904, -998680.6676728885], [-683718.0517715904, -998680.4176728885], [-683718.9892715904, -998679.8551728885], [-683719.7392715904, -998678.9801728885], [-683720.3017715904, -998677.7926728885], [-683720.6767715904, -998676.2926728885], [-683721.3642715904, -998674.9489228885], [-683722.3642715904, -998673.7614228885], [-683723.6767715904, -998672.7301728885], [-683725.3017715904, -998671.8551728885], [-683726.6455215904, -998670.9489228885], [-683727.7080215904, -998670.0114228885], [-683728.4892715904, -998669.0426728885], [-683728.9892715904, -998668.0426728885], [-683729.7705215904, -998667.2614228885], [-683730.8330215904, -998666.6989228885], [-683732.1767715904, -998666.3551728885], [-683733.8017715904, -998666.2301728885], [-683734.6767715904, -998665.9489228885], [-683734.8017715904, -998665.5114228885], [-683734.1767715904, -998664.9176728885], [-683732.8017715904, -998664.1676728885], [-683731.6142715904, -998663.2614228885], [-683730.6142715904, -998662.1989228885], [-683729.8017715904, -998660.9801728885], [-683729.1767715904, -998659.6051728885], [-683728.6455215904, -998657.8864228885], [-683728.2080215904, -998655.8239228885], [-683727.8642715904, -998653.4176728885], [-683727.6142715904, -998650.6676728885], [-683727.5830215904, -998648.3864228885], [-683727.7705215904, -998646.5739228885], [-683728.1767715904, -998645.2301728885], [-683728.8017715904, -998644.3551728885], [-683729.5830215904, -998643.6989228885], [-683730.5205215904, -998643.2614228885], [-683731.6142715904, -998643.0426728885], [-683732.8642715904, -998643.0426728885], [-683734.0517715904, -998642.8864228885], [-683735.1767715904, -998642.5739228885], [-683736.2392715904, -998642.1051728885], [-683737.2392715904, -998641.4801728885], [-683738.1767715904, -998641.1051728885], [-683739.0517715904, -998640.9801728885], [-683739.8642715904, -998641.1051728885], [-683740.6142715904, -998641.4801728885], [-683741.3955215904, -998642.1364228885], [-683742.2080215904, -998643.0739228885], [-683743.0517715904, -998644.2926728885], [-683743.9267715904, -998645.7926728885], [-683744.9580215904, -998646.9489228885], [-683746.1455215904, -998647.7614228885], [-683747.4892715904, -998648.2301728885], [-683748.9892715904, -998648.3551728885], [-683750.2392715904, -998648.6989228885], [-683751.2392715904, -998649.2614228885], [-683751.9892715904, -998650.0426728885], [-683752.4892715904, -998651.0426728885], [-683752.9892715904, -998651.5426728885], [-683753.4892715904, -998651.5426728885], [-683753.9892715904, -998651.0426728885], [-683754.4892715904, -998650.0426728885], [-683755.0517715904, -998649.1989228885], [-683755.6767715904, -998648.5114228885], [-683756.3642715904, -998647.9801728885], [-683757.1142715904, -998647.6051728885], [-683758.0517715904, -998647.6364228885], [-683759.1767715904, -998648.0739228885], [-683760.4892715904, -998648.9176728885], [-683761.9892715904, -998650.1676728885], [-683763.1142715904, -998650.7301728885], [-683763.8642715904, -998650.6051728885], [-683764.2392715904, -998649.7926728885], [-683764.2392715904, -998648.2926728885], [-683763.9892715904, -998646.9176728885], [-683763.4892715904, -998645.6676728885], [-683762.7392715904, -998644.5426728885], [-683761.7392715904, -998643.5426728885], [-683761.0517715904, -998642.3864228885], [-683760.6767715904, -998641.0739228885], [-683760.6142715904, -998639.6051728885], [-683760.8642715904, -998637.9801728885], [-683760.9267715904, -998636.5114228885], [-683760.8017715904, -998635.1989228885], [-683760.4892715904, -998634.0426728885], [-683759.9892715904, -998633.0426728885], [-683758.7392715904, -998632.2926728885], [-683756.7392715904, -998631.7926728885], [-683753.9892715904, -998631.5426728885], [-683750.4892715904, -998631.5426728885], [-683747.6142715904, -998631.1364228885], [-683745.3642715904, -998630.3239228885], [-683743.7392715904, -998629.1051728885], [-683742.7392715904, -998627.4801728885], [-683741.8330215904, -998626.2614228885], [-683741.0205215904, -998625.4489228885], [-683740.3017715904, -998625.0426728885], [-683739.6767715904, -998625.0426728885], [-683739.0517715904, -998625.2926728885], [-683738.4267715904, -998625.7926728885], [-683737.8017715904, -998626.5426728885], [-683737.1767715904, -998627.5426728885], [-683736.3017715904, -998628.2926728885], [-683735.1767715904, -998628.7926728885], [-683733.8017715904, -998629.0426728885], [-683732.1767715904, -998629.0426728885], [-683730.6142715904, -998628.7301728885], [-683729.1142715904, -998628.1051728885], [-683727.6767715904, -998627.1676728885], [-683726.3017715904, -998625.9176728885], [-683725.2080215904, -998624.6676728885], [-683724.3955215904, -998623.4176728885], [-683723.8642715904, -998622.1676728885], [-683723.6142715904, -998620.9176728885], [-683722.5830215904, -998619.9801728885], [-683720.7705215904, -998619.3551728885], [-683718.1767715904, -998619.0426728885], [-683714.8017715904, -998619.0426728885], [-683711.6142715904, -998619.3551728885], [-683708.6142715904, -998619.9801728885], [-683705.8017715904, -998620.9176728885], [-683703.1767715904, -998622.1676728885], [-683701.6142715904, -998623.2614228885], [-683701.1142715904, -998624.1989228885], [-683701.6767715904, -998624.9801728885], [-683703.3017715904, -998625.6051728885], [-683704.6142715904, -998626.2614228885], [-683705.6142715904, -998626.9489228885], [-683706.3017715904, -998627.6676728885], [-683706.6767715904, -998628.4176728885], [-683706.6455215904, -998629.3551728885], [-683706.2080215904, -998630.4801728885], [-683705.3642715904, -998631.7926728885], [-683704.1142715904, -998633.2926728885], [-683703.2080215904, -998634.5114228885], [-683702.6455215904, -998635.4489228885], [-683702.4267715904, -998636.1051728885], [-683702.5517715904, -998636.4801728885], [-683702.9580215904, -998636.5426728885], [-683703.6455215904, -998636.2926728885], [-683704.6142715904, -998635.7301728885], [-683705.8642715904, -998634.8551728885], [-683707.0830215904, -998634.3239228885], [-683708.2705215904, -998634.1364228885], [-683709.4267715904, -998634.2926728885], [-683710.5517715904, -998634.7926728885], [-683711.4580215904, -998635.3551728885], [-683712.1455215904, -998635.9801728885], [-683712.6142715904, -998636.6676728885], [-683712.8642715904, -998637.4176728885], [-683712.8642715904, -998638.3239228885], [-683712.6142715904, -998639.3864228885], [-683712.1142715904, -998640.6051728885], [-683711.3642715904, -998641.9801728885], [-683709.8017715904, -998643.0739228885], [-683707.4267715904, -998643.8864228885], [-683704.2392715904, -998644.4176728885], [-683700.2392715904, -998644.6676728885], [-683696.9267715904, -998644.6989228885], [-683694.3017715904, -998644.5114228885], [-683692.3642715904, -998644.1051728885], [-683691.1142715904, -998643.4801728885], [-683689.9580215904, -998643.1676728885], [-683688.8955215904, -998643.1676728885], [-683687.9267715904, -998643.4801728885], [-683687.0517715904, -998644.1051728885], [-683685.9892715904, -998644.4489228885], [-683684.7392715904, -998644.5114228885], [-683683.3017715904, -998644.2926728885], [-683681.6767715904, -998643.7926728885], [-683680.1767715904, -998643.0739228885], [-683678.8017715904, -998642.1364228885], [-683677.5517715904, -998640.9801728885], [-683676.4267715904, -998639.6051728885], [-683675.1142715904, -998638.5114228885], [-683673.6142715904, -998637.6989228885], [-683671.9267715904, -998637.1676728885], [-683670.0517715904, -998636.9176728885], [-683668.4580215904, -998636.4489228885], [-683667.1455215904, -998635.7614228885], [-683666.1142715904, -998634.8551728885], [-683665.3642715904, -998633.7301728885], [-683664.8955215904, -998632.5114228885], [-683664.7080215904, -998631.1989228885], [-683664.8017715904, -998629.7926728885], [-683665.1767715904, -998628.2926728885], [-683665.8017715904, -998627.0739228885], [-683666.6767715904, -998626.1364228885], [-683667.8017715904, -998625.4801728885], [-683669.1767715904, -998625.1051728885], [-683670.0830215904, -998624.4489228885], [-683670.5205215904, -998623.5114228885], [-683670.4892715904, -998622.2926728885], [-683669.9892715904, -998620.7926728885], [-683669.8330215904, -998619.3551728885], [-683670.0205215904, -998617.9801728885], [-683670.5517715904, -998616.6676728885], [-683671.4267715904, -998615.4176728885], [-683671.7080215904, -998614.5739228885], [-683671.3955215904, -998614.1364228885], [-683670.4892715904, -998614.1051728885], [-683668.9892715904, -998614.4801728885], [-683667.5205215904, -998614.5739228885], [-683666.0830215904, -998614.3864228885], [-683664.6767715904, -998613.9176728885], [-683663.3017715904, -998613.1676728885], [-683661.9892715904, -998612.9489228885], [-683660.7392715904, -998613.2614228885], [-683659.5517715904, -998614.1051728885], [-683658.4267715904, -998615.4801728885], [-683657.1142715904, -998616.3864228885], [-683655.6142715904, -998616.8239228885], [-683653.9267715904, -998616.7926728885], [-683652.0517715904, -998616.2926728885], [-683650.5517715904, -998616.1989228885]]]}}, {"type": "Feature", "properties": {"id": 39, "kind": "rock"}, "geometry": {"type": "Polygon", "coordinates": [[[-683767.6767715904, -998494.7301728885], [-683767.8955215904, -998495.8239228885], [-683767.9580215904, -998497.1364228885], [-683767.8642715904, -998498.6676728885], [-683767.6142715904, -998500.4176728885], [-683768.2392715904, -998502.3551728885], [-683769.7392715904, -998504.4801728885], [-683772.1142715904, -998506.7926728885], [-683775.3642715904, -998509.2926728885], [-683778.2392715904, -998511.1676728885], [-683780.7392715904, -998512.4176728885], [-683782.8642715904, -998513.0426728885], [-683784.6142715904, -998513.0426728885], [-683786.2080215904, -998513.4489228885], [-683787.6455215904, -998514.2614228885], [-683788.9267715904, -998515.4801728885], [-683790.0517715904, -998517.1051728885], [-683791.2705215904, -998518.2301728885], [-683792.5830215904, -998518.8551728885], [-683793.9892715904, -998518.9801728885], [-683795.4892715904, -998518.6051728885], [-683796.9580215904, -998517.6676728885], [-683798.3955215904, -998516.1676728885], [-683799.8017715904, -998514.1051728885], [-683801.1767715904, -998511.4801728885], [-683801.9580215904, -998509.4801728885], [-683802.1455215904, -998508.1051728885], [-683801.7392715904, -998507.3551728885], [-683800.7392715904, -998507.2301728885], [-683799.7392715904, -998507.3551728885], [-683798.7392715904, -998507.7301728885], [-683797.7392715904, -998508.3551728885], [-683796.7392715904, -998509.2301728885], [-683795.7705215904, -998509.8864228885], [-683794.8330215904, -998510.3239228885], [-683793.9267715904, -998510.5426728885], [-683793.0517715904, -998510.5426728885], [-683792.0517715904, -998510.1364228885], [-683790.9267715904, -998509.3239228885], [-683789.6767715904, -998508.1051728885], [-683788.3017715904, -998506.4801728885], [-683787.0830215904, -998505.3239228885], [-683786.0205215904, -998504.6364228885], [-683785.1142715904, -998504.4176728885], [-683784.3642715904, -998504.6676728885], [-683783.5517715904, -998504.6364228885], [-683782.6767715904, -998504.3239228885], [-683781.7392715904, -998503.7301728885], [-683780.7392715904, -998502.8551728885], [-683779.5830215904, -998502.1989228885], [-683778.2705215904, -998501.7614228885], [-683776.8017715904, -998501.5426728885], [-683775.1767715904, -998501.5426728885], [-683773.8642715904, -998501.2926728885], [-683772.8642715904, -998500.7926728885], [-683772.1767715904, -998500.0426728885], [-683771.8017715904, -998499.0426728885], [-683771.7080215904, -998497.9489228885], [-683771.8955215904, -998496.7614228885], [-683772.3642715904, -998495.4801728885], [-683773.1142715904, -998494.1051728885], [-683773.3955215904, -998492.9489228885], [-683773.2080215904, -998492.0114228885], [-683772.5517715904, -998491.2926728885], [-683771.4267715904, -998490.7926728885], [-683770.3955215904, -998490.5739228885], [-683769.4580215904, -998490.6364228885], [-683768.6142715904, -998490.9801728885], [-683767.8642715904, -998491.6051728885], [-683767.3955215904, -998492.2926728885], [-683767.2080215904, -998493.0426728885], [-683767.3017715904, -998493.8551728885], [-683767.6767715904, -998494.7301728885]]]}}, {"type": "Feature", "properties": {"id": 40, "kind": "rock"}, "geometry": {"type": "Polygon", "coordinates": [[[-683813.9892715904, -998502.0114228885], [-683812.9892715904, -998502.1989228885], [-683812.1142715904, -998502.1676728885], [-683811.3642715904, -998501.9176728885], [-683810.7080215904, -998501.5426728885], [-683810.1455215904, -998501.0426728885], [-683809.6767715904, -998500.4176728885], [-683809.3017715904, -998499.6676728885], [-683808.8330215904, -998499.1364228885], [-683808.2705215904, -998498.8239228885], [-683807.6142715904, -998498.7301728885], [-683806.8642715904, -998498.8551728885], [-683806.3017715904, -998499.3551728885], [-683805.9267715904, -998500.2301728885], [-683805.7392715904, -998501.4801728885], [-683805.7392715904, -998503.1051728885], [-683805.9267715904, -998504.3239228885], [-683806.3017715904, -998505.1364228885], [-683806.8642715904, -998505.5426728885], [-683807.6142715904, -998505.5426728885], [-683808.5205215904, -998505.7926728885], [-683809.5830215904, -998506.2926728885], [-683810.8017715904, -998507.0426728885], [-683812.1767715904, -998508.0426728885], [-683813.3642715904, -998508.7614228885], [-683814.3642715904, -998509.1989228885], [-683815.1767715904, -998509.3551728885], [-683815.8017715904, -998509.2301728885], [-683816.7080215904, -998508.6051728885], [-683817.8955215904, -998507.4801728885], [-683819.3642715904, -998505.8551728885], [-683821.1142715904, -998503.7301728885], [-683822.4267715904, -998501.8239228885], [-683823.3017715904, -998500.1364228885], [-683823.7392715904, -998498.6676728885], [-683823.7392715904, -998497.4176728885], [-683823.9267715904, -998496.3551728885], [-683824.3017715904, -998495.4801728885], [-683824.8642715904, -998494.7926728885], [-683825.6142715904, -998494.2926728885], [-683825.8330215904, -998493.9801728885], [-683825.5205215904, -998493.8551728885], [-683824.6767715904, -998493.9176728885], [-683823.3017715904, -998494.1676728885], [-683822.0830215904, -998494.6989228885], [-683821.0205215904, -998495.5114228885], [-683820.1142715904, -998496.6051728885], [-683819.3642715904, -998497.9801728885], [-683818.4892715904, -998499.1676728885], [-683817.4892715904, -998500.1676728885], [-683816.3642715904, -998500.9801728885], [-683815.1142715904, -998501.6051728885], [-683813.9892715904, -998502.0114228885]]]}}, {"type": "Feature", "properties": {"id": 41, "kind": "rock"}, "geometry": {"type": "Polygon", "coordinates": [[[-683669.9267715904, -998456.9801728885], [-683670.5517715904, -998457.1051728885], [-683671.4267715904, -998456.9801728885], [-683672.5517715904, -998456.6051728885], [-683673.6142715904, -998456.4489228885], [-683674.6142715904, -998456.5114228885], [-683675.5517715904, -998456.7926728885], [-683676.4267715904, -998457.2926728885], [-683677.1142715904, -998457.9489228885], [-683677.6142715904, -998458.7614228885], [-683677.9267715904, -998459.7301728885], [-683678.0517715904, -998460.8551728885], [-683677.9580215904, -998461.8551728885], [-683677.6455215904, -998462.7301728885], [-683677.1142715904, -998463.4801728885], [-683676.3642715904, -998464.1051728885], [-683675.9267715904, -998464.8551728885], [-683675.8017715904, -998465.7301728885], [-683675.9892715904, -998466.7301728885], [-683676.4892715904, -998467.8551728885], [-683677.3017715904, -998468.3551728885], [-683678.4267715904, -998468.2301728885], [-683679.8642715904, -998467.4801728885], [-683681.6142715904, -998466.1051728885], [-683683.0517715904, -998464.8239228885], [-683684.1767715904, -998463.6364228885], [-683684.9892715904, -998462.5426728885], [-683685.4892715904, -998461.5426728885], [-683685.6455215904, -998460.5739228885], [-683685.4580215904, -998459.6364228885], [-683684.9267715904, -998458.7301728885], [-683684.0517715904, -998457.8551728885], [-683683.3330215904, -998456.8239228885], [-683682.7705215904, -998455.6364228885], [-683682.3642715904, -998454.2926728885], [-683682.1142715904, -998452.7926728885], [-683681.8330215904, -998451.7926728885], [-683681.5205215904, -998451.2926728885], [-683681.1767715904, -998451.2926728885], [-683680.8017715904, -998451.7926728885], [-683679.8330215904, -998452.3239228885], [-683678.2705215904, -998452.8864228885], [-683676.1142715904, -998453.4801728885], [-683673.3642715904, -998454.1051728885], [-683671.3330215904, -998454.7301728885], [-683670.0205215904, -998455.3551728885], [-683669.4267715904, -998455.9801728885], [-683669.5517715904, -998456.6051728885], [-683669.9267715904, -998456.9801728885]]]}}, {"type": "Feature", "properties": {"id": 42, "kind": "rock"}, "geometry": {"type": "Polygon", "coordinates": [[[-683699.3017715904, -998421.5426728885], [-683700.0517715904, -998423.4176728885], [-683700.9267715904, -998425.1676728885], [-683701.9267715904, -998426.7926728885], [-683703.0517715904, -998428.2926728885], [-683703.8330215904, -998429.8551728885], [-683704.2705215904, -998431.4801728885], [-683704.3642715904, -998433.1676728885], [-683704.1142715904, -998434.9176728885], [-683704.2080215904, -998435.9489228885], [-683704.6455215904, -998436.2614228885], [-683705.4267715904, -998435.8551728885], [-683706.5517715904, -998434.7301728885], [-683707.3017715904, -998433.4176728885], [-683707.6767715904, -998431.9176728885], [-683707.6767715904, -998430.2301728885], [-683707.3017715904, -998428.3551728885], [-683707.1142715904, -998426.7301728885], [-683707.1142715904, -998425.3551728885], [-683707.3017715904, -998424.2301728885], [-683707.6767715904, -998423.3551728885], [-683708.3642715904, -998422.6364228885], [-683709.3642715904, -998422.0739228885], [-683710.6767715904, -998421.6676728885], [-683712.3017715904, -998421.4176728885], [-683713.8330215904, -998420.9176728885], [-683715.2705215904, -998420.1676728885], [-683716.6142715904, -998419.1676728885], [-683717.8642715904, -998417.9176728885], [-683719.0205215904, -998417.1051728885], [-683720.0830215904, -998416.7301728885], [-683721.0517715904, -998416.7926728885], [-683721.9267715904, -998417.2926728885], [-683722.8330215904, -998417.6051728885], [-683723.7705215904, -998417.7301728885], [-683724.7392715904, -998417.6676728885], [-683725.7392715904, -998417.4176728885], [-683726.8330215904, -998417.4176728885], [-683728.0205215904, -998417.6676728885], [-683729.3017715904, -998418.1676728885], [-683730.6767715904, -998418.9176728885], [-683731.7080215904, -998419.8239228885], [-683732.3955215904, -998420.8864228885], [-683732.7392715904, -998422.1051728885], [-683732.7392715904, -998423.4801728885], [-683732.3330215904, -998424.7926728885], [-683731.5205215904, -998426.0426728885], [-683730.3017715904, -998427.2301728885], [-683728.6767715904, -998428.3551728885], [-683727.7080215904, -998429.3864228885], [-683727.3955215904, -998430.3239228885], [-683727.7392715904, -998431.1676728885], [-683728.7392715904, -998431.9176728885], [-683729.4580215904, -998432.7614228885], [-683729.8955215904, -998433.6989228885], [-683730.0517715904, -998434.7301728885], [-683729.9267715904, -998435.8551728885], [-683729.6455215904, -998436.7926728885], [-683729.2080215904, -998437.5426728885], [-683728.6142715904, -998438.1051728885], [-683727.8642715904, -998438.4801728885], [-683726.8642715904, -998438.6676728885], [-683725.6142715904, -998438.6676728885], [-683724.1142715904, -998438.4801728885], [-683722.3642715904, -998438.1051728885], [-683720.8642715904, -998437.9801728885], [-683719.6142715904, -998438.1051728885], [-683718.6142715904, -998438.4801728885], [-683717.8642715904, -998439.1051728885], [-683717.9892715904, -998439.9801728885], [-683718.9892715904, -998441.1051728885], [-683720.8642715904, -998442.4801728885], [-683723.6142715904, -998444.1051728885], [-683726.5517715904, -998444.3239228885], [-683729.6767715904, -998443.1364228885], [-683732.9892715904, -998440.5426728885], [-683736.4892715904, -998436.5426728885], [-683739.1455215904, -998433.1676728885], [-683740.9580215904, -998430.4176728885], [-683741.9267715904, -998428.2926728885], [-683742.0517715904, -998426.7926728885], [-683741.6142715904, -998425.2301728885], [-683740.6142715904, -998423.6051728885], [-683739.0517715904, -998421.9176728885], [-683736.9267715904, -998420.1676728885], [-683734.9892715904, -998418.7926728885], [-683733.2392715904, -998417.7926728885], [-683731.6767715904, -998417.1676728885], [-683730.3017715904, -998416.9176728885], [-683729.1767715904, -998416.5114228885], [-683728.3017715904, -998415.9489228885], [-683727.6767715904, -998415.2301728885], [-683727.3017715904, -998414.3551728885], [-683726.2705215904, -998413.6989228885], [-683724.5830215904, -998413.2614228885], [-683722.2392715904, -998413.0426728885], [-683719.2392715904, -998413.0426728885], [-683716.4580215904, -998412.8239228885], [-683713.8955215904, -998412.3864228885], [-683711.5517715904, -998411.7301728885], [-683709.4267715904, -998410.8551728885], [-683707.6142715904, -998410.2614228885], [-683706.1142715904, -998409.9489228885], [-683704.9267715904, -998409.9176728885], [-683704.0517715904, -998410.1676728885], [-683703.0830215904, -998410.7301728885], [-683702.0205215904, -998411.6051728885], [-683700.8642715904, -998412.7926728885], [-683699.6142715904, -998414.2926728885], [-683698.8330215904, -998415.9176728885], [-683698.5205215904, -998417.6676728885], [-683698.6767715904, -998419.5426728885], [-683699.3017715904, -998421.5426728885]]]}}, {"type": "Feature", "properties": {"id": 43, "kind": "rock"}, "geometry": {"type": "Polygon", "coordinates": [[[-683816.5205215904, -998367.6989228885], [-683817.3330215904, -998369.0114228885], [-683818.4892715904, -998370.4801728885], [-683819.9892715904, -998372.1051728885], [-683820.9892715904, -998373.8864228885], [-683821.4892715904, -998375.8239228885], [-683821.4892715904, -998377.9176728885], [-683820.9892715904, -998380.1676728885], [-683820.8955215904, -998382.2926728885], [-683821.2080215904, -998384.2926728885], [-683821.9267715904, -998386.1676728885], [-683823.0517715904, -998387.9176728885], [-683823.7705215904, -998389.9176728885], [-683824.0830215904, -998392.1676728885], [-683823.9892715904, -998394.6676728885], [-683823.4892715904, -998397.4176728885], [-683823.4267715904, -998399.6051728885], [-683823.8017715904, -998401.2301728885], [-683824.6142715904, -998402.2926728885], [-683825.8642715904, -998402.7926728885], [-683826.8642715904, -998403.6676728885], [-683827.6142715904, -998404.9176728885], [-683828.1142715904, -998406.5426728885], [-683828.3642715904, -998408.5426728885], [-683828.7080215904, -998410.2301728885], [-683829.1455215904, -998411.6051728885], [-683829.6767715904, -998412.6676728885], [-683830.3017715904, -998413.4176728885], [-683830.9580215904, -998413.9801728885], [-683831.6455215904, -998414.3551728885], [-683832.3642715904, -998414.5426728885], [-683833.1142715904, -998414.5426728885], [-683833.6455215904, -998414.3551728885], [-683833.9580215904, -998413.9801728885], [-683834.0517715904, -998413.4176728885], [-683833.9267715904, -998412.6676728885], [-683834.0205215904, -998411.6676728885], [-683834.3330215904, -998410.4176728885], [-683834.8642715904, -998408.9176728885], [-683835.6142715904, -998407.1676728885], [-683835.9892715904, -998405.6051728885], [-683835.9892715904, -998404.2301728885], [-683835.6142715904, -998403.0426728885], [-683834.8642715904, -998402.0426728885], [-683834.7392715904, -998400.8239228885], [-683835.2392715904, -998399.3864228885], [-683836.3642715904, -998397.7301728885], [-683838.1142715904, -998395.8551728885], [-683839.1455215904, -998394.0426728885], [-683839.4580215904, -998392.2926728885], [-683839.0517715904, -998390.6051728885], [-683837.9267715904, -998388.9801728885], [-683836.7392715904, -998387.6364228885], [-683835.4892715904, -998386.5739228885], [-683834.1767715904, -998385.7926728885], [-683832.8017715904, -998385.2926728885], [-683831.7080215904, -998384.7301728885], [-683830.8955215904, -998384.1051728885], [-683830.3642715904, -998383.4176728885], [-683830.1142715904, -998382.6676728885], [-683830.3330215904, -998381.5739228885], [-683831.0205215904, -998380.1364228885], [-683832.1767715904, -998378.3551728885], [-683833.8017715904, -998376.2301728885], [-683835.0517715904, -998374.3864228885], [-683835.9267715904, -998372.8239228885], [-683836.4267715904, -998371.5426728885], [-683836.5517715904, -998370.5426728885], [-683836.3017715904, -998369.6676728885], [-683835.6767715904, -998368.9176728885], [-683834.6767715904, -998368.2926728885], [-683833.3017715904, -998367.7926728885], [-683832.1767715904, -998367.1989228885], [-683831.3017715904, -998366.5114228885], [-683830.6767715904, -998365.7301728885], [-683830.3017715904, -998364.8551728885], [-683829.8017715904, -998364.3864228885], [-683829.1767715904, -998364.3239228885], [-683828.4267715904, -998364.6676728885], [-683827.5517715904, -998365.4176728885], [-683826.6767715904, -998365.9801728885], [-683825.8017715904, -998366.3551728885], [-683824.9267715904, -998366.5426728885], [-683824.0517715904, -998366.5426728885], [-683823.2392715904, -998366.3551728885], [-683822.4892715904, -998365.9801728885], [-683821.8017715904, -998365.4176728885], [-683821.1767715904, -998364.6676728885], [-683820.7080215904, -998363.8864228885], [-683820.3955215904, -998363.0739228885], [-683820.2392715904, -998362.2301728885], [-683820.2392715904, -998361.3551728885], [-683819.9580215904, -998360.9489228885], [-683819.3955215904, -998361.0114228885], [-683818.5517715904, -998361.5426728885], [-683817.4267715904, -998362.5426728885], [-683816.6142715904, -998363.5426728885], [-683816.1142715904, -998364.5426728885], [-683815.9267715904, -998365.5426728885], [-683816.0517715904, -998366.5426728885], [-683816.5205215904, -998367.6989228885]]]}}, {"type": "Feature", "properties": {"id": 44, "kind": "rock"}, "geometry": {"type": "Polygon", "coordinates": [[[-683700.9267715904, -998355.1051728885], [-683701.3017715904, -998356.2301728885], [-683701.8642715904, -998356.9176728885], [-683702.6142715904, -998357.1676728885], [-683703.3330215904, -998357.6051728885], [-683704.0205215904, -998358.2301728885], [-683704.6767715904, -998359.0426728885], [-683705.3017715904, -998360.0426728885], [-683705.7080215904, -998360.9801728885], [-683705.8955215904, -998361.8551728885], [-683705.8642715904, -998362.6676728885], [-683705.6142715904, -998363.4176728885], [-683705.2080215904, -998364.0739228885], [-683704.6455215904, -998364.6364228885], [-683703.9267715904, -998365.1051728885], [-683703.0517715904, -998365.4801728885], [-683702.5830215904, -998366.1364228885], [-683702.5205215904, -998367.0739228885], [-683702.8642715904, -998368.2926728885], [-683703.6142715904, -998369.7926728885], [-683704.1142715904, -998371.1364228885], [-683704.3642715904, -998372.3239228885], [-683704.3642715904, -998373.3551728885], [-683704.1142715904, -998374.2301728885], [-683703.6767715904, -998375.1364228885], [-683703.0517715904, -998376.0739228885], [-683702.2392715904, -998377.0426728885], [-683701.2392715904, -998378.0426728885], [-683700.2705215904, -998378.7926728885], [-683699.3330215904, -998379.2926728885], [-683698.4267715904, -998379.5426728885], [-683697.5517715904, -998379.5426728885], [-683696.7080215904, -998379.3864228885], [-683695.8955215904, -998379.0739228885], [-683695.1142715904, -998378.6051728885], [-683694.3642715904, -998377.9801728885], [-683693.5517715904, -998377.7614228885], [-683692.6767715904, -998377.9489228885], [-683691.7392715904, -998378.5426728885], [-683690.7392715904, -998379.5426728885], [-683689.7705215904, -998380.2301728885], [-683688.8330215904, -998380.6051728885], [-683687.9267715904, -998380.6676728885], [-683687.0517715904, -998380.4176728885], [-683686.2705215904, -998380.0114228885], [-683685.5830215904, -998379.4489228885], [-683684.9892715904, -998378.7301728885], [-683684.4892715904, -998377.8551728885], [-683684.0517715904, -998377.4489228885], [-683683.6767715904, -998377.5114228885], [-683683.3642715904, -998378.0426728885], [-683683.1142715904, -998379.0426728885], [-683683.4892715904, -998380.0739228885], [-683684.4892715904, -998381.1364228885], [-683686.1142715904, -998382.2301728885], [-683688.3642715904, -998383.3551728885], [-683690.4267715904, -998384.5739228885], [-683692.3017715904, -998385.8864228885], [-683693.9892715904, -998387.2926728885], [-683695.4892715904, -998388.7926728885], [-683697.0830215904, -998390.0114228885], [-683698.7705215904, -998390.9489228885], [-683700.5517715904, -998391.6051728885], [-683702.4267715904, -998391.9801728885], [-683704.3017715904, -998391.6364228885], [-683706.1767715904, -998390.5739228885], [-683708.0517715904, -998388.7926728885], [-683709.9267715904, -998386.2926728885], [-683711.2392715904, -998383.6676728885], [-683711.9892715904, -998380.9176728885], [-683712.1767715904, -998378.0426728885], [-683711.8017715904, -998375.0426728885], [-683711.9892715904, -998372.2614228885], [-683712.7392715904, -998369.6989228885], [-683714.0517715904, -998367.3551728885], [-683715.9267715904, -998365.2301728885], [-683717.3642715904, -998363.3239228885], [-683718.3642715904, -998361.6364228885], [-683718.9267715904, -998360.1676728885], [-683719.0517715904, -998358.9176728885], [-683719.4892715904, -998357.7614228885], [-683720.2392715904, -998356.6989228885], [-683721.3017715904, -998355.7301728885], [-683722.6767715904, -998354.8551728885], [-683723.3017715904, -998354.3239228885], [-683723.1767715904, -998354.1364228885], [-683722.3017715904, -998354.2926728885], [-683720.6767715904, -998354.7926728885], [-683718.8642715904, -998354.6676728885], [-683716.8642715904, -998353.9176728885], [-683714.6767715904, -998352.5426728885], [-683712.3017715904, -998350.5426728885], [-683710.0205215904, -998349.1051728885], [-683707.8330215904, -998348.2301728885], [-683705.7392715904, -998347.9176728885], [-683703.7392715904, -998348.1676728885], [-683702.2392715904, -998348.8551728885], [-683701.2392715904, -998349.9801728885], [-683700.7392715904, -998351.5426728885], [-683700.7392715904, -998353.5426728885], [-683700.9267715904, -998355.1051728885]]]}}, {"type": "Feature", "properties": {"id": 45, "kind": "rock"}, "geometry": {"type": "Polygon", "coordinates": [[[-683725.3017715904, -998323.1676728885], [-683725.1455215904, -998324.4801728885], [-683725.2080215904, -998325.8551728885], [-683725.4892715904, -998327.2926728885], [-683725.9892715904, -998328.7926728885], [-683726.3017715904, -998330.1051728885], [-683726.4267715904, -998331.2301728885], [-683726.3642715904, -998332.1676728885], [-683726.1142715904, -998332.9176728885], [-683725.4892715904, -998333.7926728885], [-683724.4892715904, -998334.7926728885], [-683723.1142715904, -998335.9176728885], [-683721.3642715904, -998337.1676728885], [-683719.7392715904, -998337.9801728885], [-683718.2392715904, -998338.3551728885], [-683716.8642715904, -998338.2926728885], [-683715.6142715904, -998337.7926728885], [-683714.4267715904, -998337.4801728885], [-683713.3017715904, -998337.3551728885], [-683712.2392715904, -998337.4176728885], [-683711.2392715904, -998337.6676728885], [-683710.8955215904, -998338.1676728885], [-683711.2080215904, -998338.9176728885], [-683712.1767715904, -998339.9176728885], [-683713.8017715904, -998341.1676728885], [-683715.7392715904, -998342.1051728885], [-683717.9892715904, -998342.7301728885], [-683720.5517715904, -998343.0426728885], [-683723.4267715904, -998343.0426728885], [-683725.7705215904, -998342.3864228885], [-683727.5830215904, -998341.0739228885], [-683728.8642715904, -998339.1051728885], [-683729.6142715904, -998336.4801728885], [-683729.9580215904, -998334.4176728885], [-683729.8955215904, -998332.9176728885], [-683729.4267715904, -998331.9801728885], [-683728.5517715904, -998331.6051728885], [-683727.8330215904, -998331.1051728885], [-683727.2705215904, -998330.4801728885], [-683726.8642715904, -998329.7301728885], [-683726.6142715904, -998328.8551728885], [-683726.7392715904, -998327.8864228885], [-683727.2392715904, -998326.8239228885], [-683728.1142715904, -998325.6676728885], [-683729.3642715904, -998324.4176728885], [-683730.5205215904, -998323.5426728885], [-683731.5830215904, -998323.0426728885], [-683732.5517715904, -998322.9176728885], [-683733.4267715904, -998323.1676728885], [-683734.2080215904, -998323.5739228885], [-683734.8955215904, -998324.1364228885], [-683735.4892715904, -998324.8551728885], [-683735.9892715904, -998325.7301728885], [-683737.0205215904, -998326.3551728885], [-683738.5830215904, -998326.7301728885], [-683740.6767715904, -998326.8551728885], [-683743.3017715904, -998326.7301728885], [-683745.5830215904, -998327.1364228885], [-683747.5205215904, -998328.0739228885], [-683749.1142715904, -998329.5426728885], [-683750.3642715904, -998331.5426728885], [-683751.0830215904, -998333.3551728885], [-683751.2705215904, -998334.9801728885], [-683750.9267715904, -998336.4176728885], [-683750.0517715904, -998337.6676728885], [-683749.3642715904, -998338.9801728885], [-683748.8642715904, -998340.3551728885], [-683748.5517715904, -998341.7926728885], [-683748.4267715904, -998343.2926728885], [-683748.1142715904, -998344.5739228885], [-683747.6142715904, -998345.6364228885], [-683746.9267715904, -998346.4801728885], [-683746.0517715904, -998347.1051728885], [-683745.3330215904, -998348.1676728885], [-683744.7705215904, -998349.6676728885], [-683744.3642715904, -998351.6051728885], [-683744.1142715904, -998353.9801728885], [-683743.4580215904, -998356.0426728885], [-683742.3955215904, -998357.7926728885], [-683740.9267715904, -998359.2301728885], [-683739.0517715904, -998360.3551728885], [-683737.7705215904, -998361.4176728885], [-683737.0830215904, -998362.4176728885], [-683736.9892715904, -998363.3551728885], [-683737.4892715904, -998364.2301728885], [-683737.8642715904, -998365.6676728885], [-683738.1142715904, -998367.6676728885], [-683738.2392715904, -998370.2301728885], [-683738.2392715904, -998373.3551728885], [-683738.0205215904, -998375.9489228885], [-683737.5830215904, -998378.0114228885], [-683736.9267715904, -998379.5426728885], [-683736.0517715904, -998380.5426728885], [-683735.3330215904, -998381.6676728885], [-683734.7705215904, -998382.9176728885], [-683734.3642715904, -998384.2926728885], [-683734.1142715904, -998385.7926728885], [-683732.9892715904, -998387.3864228885], [-683730.9892715904, -998389.0739228885], [-683728.1142715904, -998390.8551728885], [-683724.3642715904, -998392.7301728885], [-683721.5517715904, -998394.6051728885], [-683719.6767715904, -998396.4801728885], [-683718.7392715904, -998398.3551728885], [-683718.7392715904, -998400.2301728885], [-683719.1142715904, -998401.7926728885], [-683719.8642715904, -998403.0426728885], [-683720.9892715904, -998403.9801728885], [-683722.4892715904, -998404.6051728885], [-683723.7705215904, -998404.8551728885], [-683724.8330215904, -998404.7301728885], [-683725.6767715904, -998404.2301728885], [-683726.3017715904, -998403.3551728885], [-683727.1767715904, -998402.5426728885], [-683728.3017715904, -998401.7926728885], [-683729.6767715904, -998401.1051728885], [-683731.3017715904, -998400.4801728885], [-683732.6455215904, -998399.6989228885], [-683733.7080215904, -998398.7614228885], [-683734.4892715904, -998397.6676728885], [-683734.9892715904, -998396.4176728885], [-683735.8017715904, -998395.0739228885], [-683736.9267715904, -998393.6364228885], [-683738.3642715904, -998392.1051728885], [-683740.1142715904, -998390.4801728885], [-683741.3642715904, -998388.9801728885], [-683742.1142715904, -998387.6051728885], [-683742.3642715904, -998386.3551728885], [-683742.1142715904, -998385.2301728885], [-683742.2080215904, -998384.0114228885], [-683742.6455215904, -998382.6989228885], [-683743.4267715904, -998381.2926728885], [-683744.5517715904, -998379.7926728885], [-683745.3017715904, -998378.2614228885], [-683745.6767715904, -998376.6989228885], [-683745.6767715904, -998375.1051728885], [-683745.3017715904, -998373.4801728885], [-683745.1455215904, -998372.0114228885], [-683745.2080215904, -998370.6989228885], [-683745.4892715904, -998369.5426728885], [-683745.9892715904, -998368.5426728885], [-683746.5830215904, -998367.6676728885], [-683747.2705215904, -998366.9176728885], [-683748.0517715904, -998366.2926728885], [-683748.9267715904, -998365.7926728885], [-683749.9892715904, -998365.4176728885], [-683751.2392715904, -998365.1676728885], [-683752.6767715904, -998365.0426728885], [-683754.3017715904, -998365.0426728885], [-683755.7705215904, -998364.7926728885], [-683757.0830215904, -998364.2926728885], [-683758.2392715904, -998363.5426728885], [-683759.2392715904, -998362.5426728885], [-683759.9580215904, -998361.6676728885], [-683760.3955215904, -998360.9176728885], [-683760.5517715904, -998360.2926728885], [-683760.4267715904, -998359.7926728885], [-683759.9580215904, -998359.1989228885], [-683759.1455215904, -998358.5114228885], [-683757.9892715904, -998357.7301728885], [-683756.4892715904, -998356.8551728885], [-683755.3017715904, -998356.0114228885], [-683754.4267715904, -998355.1989228885], [-683753.8642715904, -998354.4176728885], [-683753.6142715904, -998353.6676728885], [-683753.6455215904, -998352.7926728885], [-683753.9580215904, -998351.7926728885], [-683754.5517715904, -998350.6676728885], [-683755.4267715904, -998349.4176728885], [-683756.1142715904, -998348.1989228885], [-683756.6142715904, -998347.0114228885], [-683756.9267715904, -998345.8551728885], [-683757.0517715904, -998344.7301728885], [-683757.3642715904, -998343.7926728885], [-683757.8642715904, -998343.0426728885], [-683758.5517715904, -998342.4801728885], [-683759.4267715904, -998342.1051728885], [-683760.1767715904, -998341.2301728885], [-683760.8017715904, -998339.8551728885], [-683761.3017715904, -998337.9801728885], [-683761.6767715904, -998335.6051728885], [-683761.7080215904, -998333.6051728885], [-683761.3955215904, -998331.9801728885], [-683760.7392715904, -998330.7301728885], [-683759.7392715904, -998329.8551728885], [-683758.9892715904, -998328.6676728885], [-683758.4892715904, -998327.1676728885], [-683758.2392715904, -998325.3551728885], [-683758.2392715904, -998323.2301728885], [-683756.2392715904, -998321.6364228885], [-683752.2392715904, -998320.5739228885], [-683746.2392715904, -998320.0426728885], [-683738.2392715904, -998320.0426728885], [-683732.1455215904, -998320.3551728885], [-683727.9580215904, -998320.9801728885], [-683725.6767715904, -998321.9176728885], [-683725.3017715904, -998323.1676728885]]]}}, {"type": "Feature", "properties": {"id": 46, "kind": "rock"}, "geometry": {"type": "Polygon", "coordinates": [[[-683667.6142715904, -998354.6989228885], [-683666.3642715904, -998356.7614228885], [-683665.7392715904, -998358.6676728885], [-683665.7392715904, -998360.4176728885], [-683665.8642715904, -998361.5426728885], [-683666.1142715904, -998362.0426728885], [-683666.4892715904, -998361.9176728885], [-683666.9892715904, -998361.1676728885], [-683667.7080215904, -998360.5114228885], [-683668.6455215904, -998359.9489228885], [-683669.8017715904, -998359.4801728885], [-683671.1767715904, -998359.1051728885], [-683672.1142715904, -998358.4489228885], [-683672.6142715904, -998357.5114228885], [-683672.6767715904, -998356.2926728885], [-683672.3017715904, -998354.7926728885], [-683672.5830215904, -998352.9489228885], [-683673.5205215904, -998350.7614228885], [-683675.1142715904, -998348.2301728885], [-683677.3642715904, -998345.3551728885], [-683679.0517715904, -998343.0426728885], [-683680.1767715904, -998341.2926728885], [-683680.7392715904, -998340.1051728885], [-683680.7392715904, -998339.4801728885], [-683680.5830215904, -998338.8864228885], [-683680.2705215904, -998338.3239228885], [-683679.8017715904, -998337.7926728885], [-683679.1767715904, -998337.2926728885], [-683678.5517715904, -998336.9489228885], [-683677.9267715904, -998336.7614228885], [-683677.3017715904, -998336.7301728885], [-683676.6767715904, -998336.8551728885], [-683676.2080215904, -998337.5426728885], [-683675.8955215904, -998338.7926728885], [-683675.7392715904, -998340.6051728885], [-683675.7392715904, -998342.9801728885], [-683675.1142715904, -998345.3551728885], [-683673.8642715904, -998347.7301728885], [-683671.9892715904, -998350.1051728885], [-683669.4892715904, -998352.4801728885], [-683667.6142715904, -998354.6989228885]]]}}, {"type": "Feature", "properties": {"id": 47, "kind": "rock"}, "geometry": {"type": "Polygon", "coordinates": [[[-683830.4892715904, -998328.6051728885], [-683828.9892715904, -998328.4801728885], [-683827.4892715904, -998327.8551728885], [-683825.9892715904, -998326.7301728885], [-683824.8017715904, -998325.9801728885], [-683823.9267715904, -998325.6051728885], [-683823.3642715904, -998325.6051728885], [-683823.1142715904, -998325.9801728885], [-683823.0830215904, -998326.4801728885], [-683823.2705215904, -998327.1051728885], [-683823.6767715904, -998327.8551728885], [-683824.3017715904, -998328.7301728885], [-683825.0830215904, -998329.5114228885], [-683826.0205215904, -998330.1989228885], [-683827.1142715904, -998330.7926728885], [-683828.3642715904, -998331.2926728885], [-683829.3330215904, -998331.9176728885], [-683830.0205215904, -998332.6676728885], [-683830.4267715904, -998333.5426728885], [-683830.5517715904, -998334.5426728885], [-683830.4892715904, -998335.6051728885], [-683830.2392715904, -998336.7301728885], [-683829.8017715904, -998337.9176728885], [-683829.1767715904, -998339.1676728885], [-683828.9267715904, -998340.1676728885], [-683829.0517715904, -998340.9176728885], [-683829.5517715904, -998341.4176728885], [-683830.4267715904, -998341.6676728885], [-683831.2080215904, -998342.0426728885], [-683831.8955215904, -998342.5426728885], [-683832.4892715904, -998343.1676728885], [-683832.9892715904, -998343.9176728885], [-683834.1142715904, -998344.6051728885], [-683835.8642715904, -998345.2301728885], [-683838.2392715904, -998345.7926728885], [-683841.2392715904, -998346.2926728885], [-683843.6767715904, -998346.4489228885], [-683845.5517715904, -998346.2614228885], [-683846.8642715904, -998345.7301728885], [-683847.6142715904, -998344.8551728885], [-683848.1767715904, -998343.9801728885], [-683848.5517715904, -998343.1051728885], [-683848.7392715904, -998342.2301728885], [-683848.7392715904, -998341.3551728885], [-683848.4892715904, -998340.3239228885], [-683847.9892715904, -998339.1364228885], [-683847.2392715904, -998337.7926728885], [-683846.2392715904, -998336.2926728885], [-683845.9892715904, -998334.6364228885], [-683846.4892715904, -998332.8239228885], [-683847.7392715904, -998330.8551728885], [-683849.7392715904, -998328.7301728885], [-683851.3642715904, -998326.7926728885], [-683852.6142715904, -998325.0426728885], [-683853.4892715904, -998323.4801728885], [-683853.9892715904, -998322.1051728885], [-683853.2080215904, -998321.0739228885], [-683851.1455215904, -998320.3864228885], [-683847.8017715904, -998320.0426728885], [-683843.1767715904, -998320.0426728885], [-683839.7705215904, -998320.2301728885], [-683837.5830215904, -998320.6051728885], [-683836.6142715904, -998321.1676728885], [-683836.8642715904, -998321.9176728885], [-683836.9580215904, -998322.6676728885], [-683836.8955215904, -998323.4176728885], [-683836.6767715904, -998324.1676728885], [-683836.3017715904, -998324.9176728885], [-683835.6455215904, -998325.6989228885], [-683834.7080215904, -998326.5114228885], [-683833.4892715904, -998327.3551728885], [-683831.9892715904, -998328.2301728885], [-683830.4892715904, -998328.6051728885]]]}}]}